/Users/kiriyamakeisuke/practiceTensorFlow/fruits_discrimination/images_composite/banana/banana_9.jpg,0
/Users/kiriyamakeisuke/practiceTensorFlow/fruits_discrimination/images_composite/banana/banana_167.jpg,0
/Users/kiriyamakeisuke/practiceTensorFlow/fruits_discrimination/images_composite/banana/banana_190.png,0
/Users/kiriyamakeisuke/practiceTensorFlow/fruits_discrimination/images_composite/banana/banana_47.jpg,0
/Users/kiriyamakeisuke/practiceTensorFlow/fruits_discrimination/images_composite/banana/banana_70.png,0
/Users/kiriyamakeisuke/practiceTensorFlow/fruits_discrimination/images_composite/banana/banana_90.jpg,0
/Users/kiriyamakeisuke/practiceTensorFlow/fruits_discrimination/images_composite/banana/banana_61.png,0
/Users/kiriyamakeisuke/practiceTensorFlow/fruits_discrimination/images_composite/banana/banana_40.jpg,0
/Users/kiriyamakeisuke/practiceTensorFlow/fruits_discrimination/images_composite/banana/banana_175.jpg,0
/Users/kiriyamakeisuke/practiceTensorFlow/fruits_discrimination/images_composite/banana/banana_42.jpg,0
/Users/kiriyamakeisuke/practiceTensorFlow/fruits_discrimination/images_composite/banana/banana_159.jpg,0
/Users/kiriyamakeisuke/practiceTensorFlow/fruits_discrimination/images_composite/banana/banana_144.png,0
/Users/kiriyamakeisuke/practiceTensorFlow/fruits_discrimination/images_composite/banana/banana_91.jpg,0
/Users/kiriyamakeisuke/practiceTensorFlow/fruits_discrimination/images_composite/banana/banana_134.jpg,0
/Users/kiriyamakeisuke/practiceTensorFlow/fruits_discrimination/images_composite/banana/banana_72.png,0
/Users/kiriyamakeisuke/practiceTensorFlow/fruits_discrimination/images_composite/banana/banana_180.png,0
/Users/kiriyamakeisuke/practiceTensorFlow/fruits_discrimination/images_composite/banana/banana_179.png,0
/Users/kiriyamakeisuke/practiceTensorFlow/fruits_discrimination/images_composite/banana/banana_59.jpg,0
/Users/kiriyamakeisuke/practiceTensorFlow/fruits_discrimination/images_composite/banana/banana_94.png,0
/Users/kiriyamakeisuke/practiceTensorFlow/fruits_discrimination/images_composite/banana/banana_38.jpg,0
/Users/kiriyamakeisuke/practiceTensorFlow/fruits_discrimination/images_composite/banana/banana_166.jpg,0
/Users/kiriyamakeisuke/practiceTensorFlow/fruits_discrimination/images_composite/banana/banana_155.jpg,0
/Users/kiriyamakeisuke/practiceTensorFlow/fruits_discrimination/images_composite/banana/banana_46.jpg,0
/Users/kiriyamakeisuke/practiceTensorFlow/fruits_discrimination/images_composite/banana/banana_27.jpg,0
/Users/kiriyamakeisuke/practiceTensorFlow/fruits_discrimination/images_composite/banana/banana_149.jpg,0
/Users/kiriyamakeisuke/practiceTensorFlow/fruits_discrimination/images_composite/banana/banana_22.jpg,0
/Users/kiriyamakeisuke/practiceTensorFlow/fruits_discrimination/images_composite/banana/banana_150.png,0
/Users/kiriyamakeisuke/practiceTensorFlow/fruits_discrimination/images_composite/banana/banana_137.png,0
/Users/kiriyamakeisuke/practiceTensorFlow/fruits_discrimination/images_composite/banana/banana_117.png,0
/Users/kiriyamakeisuke/practiceTensorFlow/fruits_discrimination/images_composite/banana/banana_118.png,0
/Users/kiriyamakeisuke/practiceTensorFlow/fruits_discrimination/images_composite/banana/banana_122.jpg,0
/Users/kiriyamakeisuke/practiceTensorFlow/fruits_discrimination/images_composite/banana/banana_77.jpg,0
/Users/kiriyamakeisuke/practiceTensorFlow/fruits_discrimination/images_composite/banana/banana_103.jpg,0
/Users/kiriyamakeisuke/practiceTensorFlow/fruits_discrimination/images_composite/banana/banana_146.jpg,0
/Users/kiriyamakeisuke/practiceTensorFlow/fruits_discrimination/images_composite/banana/banana_101.jpg,0
/Users/kiriyamakeisuke/practiceTensorFlow/fruits_discrimination/images_composite/banana/banana_60.png,0
/Users/kiriyamakeisuke/practiceTensorFlow/fruits_discrimination/images_composite/banana/banana_130.jpg,0
/Users/kiriyamakeisuke/practiceTensorFlow/fruits_discrimination/images_composite/banana/banana_96.jpg,0
/Users/kiriyamakeisuke/practiceTensorFlow/fruits_discrimination/images_composite/banana/banana_112.jpg,0
/Users/kiriyamakeisuke/practiceTensorFlow/fruits_discrimination/images_composite/banana/banana_108.jpg,0
/Users/kiriyamakeisuke/practiceTensorFlow/fruits_discrimination/images_composite/banana/banana_120.jpg,0
/Users/kiriyamakeisuke/practiceTensorFlow/fruits_discrimination/images_composite/banana/banana_29.jpg,0
/Users/kiriyamakeisuke/practiceTensorFlow/fruits_discrimination/images_composite/banana/banana_4.png,0
/Users/kiriyamakeisuke/practiceTensorFlow/fruits_discrimination/images_composite/banana/banana_123.jpg,0
/Users/kiriyamakeisuke/practiceTensorFlow/fruits_discrimination/images_composite/banana/banana_164.jpg,0
/Users/kiriyamakeisuke/practiceTensorFlow/fruits_discrimination/images_composite/banana/banana_88.jpg,0
/Users/kiriyamakeisuke/practiceTensorFlow/fruits_discrimination/images_composite/banana/banana_33.jpg,0
/Users/kiriyamakeisuke/practiceTensorFlow/fruits_discrimination/images_composite/banana/banana_193.png,0
/Users/kiriyamakeisuke/practiceTensorFlow/fruits_discrimination/images_composite/banana/banana_66.png,0
/Users/kiriyamakeisuke/practiceTensorFlow/fruits_discrimination/images_composite/banana/banana_125.jpg,0
/Users/kiriyamakeisuke/practiceTensorFlow/fruits_discrimination/images_composite/banana/banana_89.jpg,0
/Users/kiriyamakeisuke/practiceTensorFlow/fruits_discrimination/images_composite/banana/banana_160.png,0
/Users/kiriyamakeisuke/practiceTensorFlow/fruits_discrimination/images_composite/banana/banana_165.jpg,0
/Users/kiriyamakeisuke/practiceTensorFlow/fruits_discrimination/images_composite/banana/banana_15.jpg,0
/Users/kiriyamakeisuke/practiceTensorFlow/fruits_discrimination/images_composite/banana/banana_19.jpg,0
/Users/kiriyamakeisuke/practiceTensorFlow/fruits_discrimination/images_composite/banana/banana_39.jpg,0
/Users/kiriyamakeisuke/practiceTensorFlow/fruits_discrimination/images_composite/banana/banana_152.jpg,0
/Users/kiriyamakeisuke/practiceTensorFlow/fruits_discrimination/images_composite/banana/banana_64.jpg,0
/Users/kiriyamakeisuke/practiceTensorFlow/fruits_discrimination/images_composite/banana/banana_133.jpg,0
/Users/kiriyamakeisuke/practiceTensorFlow/fruits_discrimination/images_composite/banana/banana_32.jpg,0
/Users/kiriyamakeisuke/practiceTensorFlow/fruits_discrimination/images_composite/banana/banana_126.jpg,0
/Users/kiriyamakeisuke/practiceTensorFlow/fruits_discrimination/images_composite/banana/banana_14.jpg,0
/Users/kiriyamakeisuke/practiceTensorFlow/fruits_discrimination/images_composite/banana/banana_57.png,0
/Users/kiriyamakeisuke/practiceTensorFlow/fruits_discrimination/images_composite/banana/banana_177.png,0
/Users/kiriyamakeisuke/practiceTensorFlow/fruits_discrimination/images_composite/banana/banana_145.jpg,0
/Users/kiriyamakeisuke/practiceTensorFlow/fruits_discrimination/images_composite/banana/banana_20.jpg,0
/Users/kiriyamakeisuke/practiceTensorFlow/fruits_discrimination/images_composite/banana/banana_132.jpg,0
/Users/kiriyamakeisuke/practiceTensorFlow/fruits_discrimination/images_composite/banana/banana_183.jpg,0
/Users/kiriyamakeisuke/practiceTensorFlow/fruits_discrimination/images_composite/banana/banana_142.jpg,0
/Users/kiriyamakeisuke/practiceTensorFlow/fruits_discrimination/images_composite/banana/banana_65.png,0
/Users/kiriyamakeisuke/practiceTensorFlow/fruits_discrimination/images_composite/banana/banana_158.png,0
/Users/kiriyamakeisuke/practiceTensorFlow/fruits_discrimination/images_composite/banana/banana_43.jpg,0
/Users/kiriyamakeisuke/practiceTensorFlow/fruits_discrimination/images_composite/banana/banana_74.jpg,0
/Users/kiriyamakeisuke/practiceTensorFlow/fruits_discrimination/images_composite/banana/banana_67.jpg,0
/Users/kiriyamakeisuke/practiceTensorFlow/fruits_discrimination/images_composite/banana/banana_86.png,0
/Users/kiriyamakeisuke/practiceTensorFlow/fruits_discrimination/images_composite/banana/banana_136.png,0
/Users/kiriyamakeisuke/practiceTensorFlow/fruits_discrimination/images_composite/banana/banana_8.png,0
/Users/kiriyamakeisuke/practiceTensorFlow/fruits_discrimination/images_composite/banana/banana_71.jpg,0
/Users/kiriyamakeisuke/practiceTensorFlow/fruits_discrimination/images_composite/banana/banana_116.jpg,0
/Users/kiriyamakeisuke/practiceTensorFlow/fruits_discrimination/images_composite/banana/banana_35.png,0
/Users/kiriyamakeisuke/practiceTensorFlow/fruits_discrimination/images_composite/banana/banana_102.png,0
/Users/kiriyamakeisuke/practiceTensorFlow/fruits_discrimination/images_composite/banana/banana_110.jpg,0
/Users/kiriyamakeisuke/practiceTensorFlow/fruits_discrimination/images_composite/banana/banana_12.jpg,0
/Users/kiriyamakeisuke/practiceTensorFlow/fruits_discrimination/images_composite/banana/banana_114.jpg,0
/Users/kiriyamakeisuke/practiceTensorFlow/fruits_discrimination/images_composite/banana/banana_3.jpg,0
/Users/kiriyamakeisuke/practiceTensorFlow/fruits_discrimination/images_composite/banana/banana_105.jpg,0
/Users/kiriyamakeisuke/practiceTensorFlow/fruits_discrimination/images_composite/banana/banana_17.jpg,0
/Users/kiriyamakeisuke/practiceTensorFlow/fruits_discrimination/images_composite/banana/banana_52.jpg,0
/Users/kiriyamakeisuke/practiceTensorFlow/fruits_discrimination/images_composite/banana/banana_31.png,0
/Users/kiriyamakeisuke/practiceTensorFlow/fruits_discrimination/images_composite/banana/banana_48.png,0
/Users/kiriyamakeisuke/practiceTensorFlow/fruits_discrimination/images_composite/banana/banana_6.jpg,0
/Users/kiriyamakeisuke/practiceTensorFlow/fruits_discrimination/images_composite/banana/banana_115.png,0
/Users/kiriyamakeisuke/practiceTensorFlow/fruits_discrimination/images_composite/banana/banana_109.jpg,0
/Users/kiriyamakeisuke/practiceTensorFlow/fruits_discrimination/images_composite/banana/banana_5.jpg,0
/Users/kiriyamakeisuke/practiceTensorFlow/fruits_discrimination/images_composite/banana/banana_143.jpg,0
/Users/kiriyamakeisuke/practiceTensorFlow/fruits_discrimination/images_composite/banana/banana_172.jpg,0
/Users/kiriyamakeisuke/practiceTensorFlow/fruits_discrimination/images_composite/banana/banana_76.jpg,0
/Users/kiriyamakeisuke/practiceTensorFlow/fruits_discrimination/images_composite/banana/banana_100.jpg,0
/Users/kiriyamakeisuke/practiceTensorFlow/fruits_discrimination/images_composite/banana/banana_161.jpg,0
/Users/kiriyamakeisuke/practiceTensorFlow/fruits_discrimination/images_composite/banana/banana_30.jpg,0
/Users/kiriyamakeisuke/practiceTensorFlow/fruits_discrimination/images_composite/banana/banana_121.jpg,0
/Users/kiriyamakeisuke/practiceTensorFlow/fruits_discrimination/images_composite/banana/banana_10.jpg,0
/Users/kiriyamakeisuke/practiceTensorFlow/fruits_discrimination/images_composite/banana/banana_79.jpg,0
/Users/kiriyamakeisuke/practiceTensorFlow/fruits_discrimination/images_composite/banana/banana_106.jpg,0
/Users/kiriyamakeisuke/practiceTensorFlow/fruits_discrimination/images_composite/banana/banana_45.png,0
/Users/kiriyamakeisuke/practiceTensorFlow/fruits_discrimination/images_composite/banana/banana_63.jpg,0
/Users/kiriyamakeisuke/practiceTensorFlow/fruits_discrimination/images_composite/banana/banana_55.jpg,0
/Users/kiriyamakeisuke/practiceTensorFlow/fruits_discrimination/images_composite/banana/banana_156.jpg,0
/Users/kiriyamakeisuke/practiceTensorFlow/fruits_discrimination/images_composite/banana/banana_141.jpg,0
/Users/kiriyamakeisuke/practiceTensorFlow/fruits_discrimination/images_composite/banana/banana_18.jpg,0
/Users/kiriyamakeisuke/practiceTensorFlow/fruits_discrimination/images_composite/banana/banana_185.jpg,0
/Users/kiriyamakeisuke/practiceTensorFlow/fruits_discrimination/images_composite/banana/banana_147.jpg,0
/Users/kiriyamakeisuke/practiceTensorFlow/fruits_discrimination/images_composite/banana/banana_26.jpg,0
/Users/kiriyamakeisuke/practiceTensorFlow/fruits_discrimination/images_composite/banana/banana_113.jpg,0
/Users/kiriyamakeisuke/practiceTensorFlow/fruits_discrimination/images_composite/banana/banana_73.jpg,0
/Users/kiriyamakeisuke/practiceTensorFlow/fruits_discrimination/images_composite/banana/banana_186.jpg,0
/Users/kiriyamakeisuke/practiceTensorFlow/fruits_discrimination/images_composite/banana/banana_157.jpg,0
/Users/kiriyamakeisuke/practiceTensorFlow/fruits_discrimination/images_composite/banana/banana_198.png,0
/Users/kiriyamakeisuke/practiceTensorFlow/fruits_discrimination/images_composite/banana/banana_139.jpg,0
/Users/kiriyamakeisuke/practiceTensorFlow/fruits_discrimination/images_composite/banana/banana_34.jpg,0
/Users/kiriyamakeisuke/practiceTensorFlow/fruits_discrimination/images_composite/banana/banana_191.jpg,0
/Users/kiriyamakeisuke/practiceTensorFlow/fruits_discrimination/images_composite/banana/banana_97.jpg,0
/Users/kiriyamakeisuke/practiceTensorFlow/fruits_discrimination/images_composite/banana/banana_75.jpg,0
/Users/kiriyamakeisuke/practiceTensorFlow/fruits_discrimination/images_composite/banana/banana_68.jpg,0
/Users/kiriyamakeisuke/practiceTensorFlow/fruits_discrimination/images_composite/banana/banana_197.jpg,0
/Users/kiriyamakeisuke/practiceTensorFlow/fruits_discrimination/images_composite/banana/banana_188.jpg,0
/Users/kiriyamakeisuke/practiceTensorFlow/fruits_discrimination/images_composite/banana/banana_62.png,0
/Users/kiriyamakeisuke/practiceTensorFlow/fruits_discrimination/images_composite/banana/banana_162.jpg,0
/Users/kiriyamakeisuke/practiceTensorFlow/fruits_discrimination/images_composite/banana/banana_41.jpg,0
/Users/kiriyamakeisuke/practiceTensorFlow/fruits_discrimination/images_composite/corn/corn_191.jpg,1
/Users/kiriyamakeisuke/practiceTensorFlow/fruits_discrimination/images_composite/corn/corn_28.jpg,1
/Users/kiriyamakeisuke/practiceTensorFlow/fruits_discrimination/images_composite/corn/corn_140.jpg,1
/Users/kiriyamakeisuke/practiceTensorFlow/fruits_discrimination/images_composite/corn/corn_118.jpg,1
/Users/kiriyamakeisuke/practiceTensorFlow/fruits_discrimination/images_composite/corn/corn_87.jpg,1
/Users/kiriyamakeisuke/practiceTensorFlow/fruits_discrimination/images_composite/corn/corn_85.jpg,1
/Users/kiriyamakeisuke/practiceTensorFlow/fruits_discrimination/images_composite/corn/corn_160.png,1
/Users/kiriyamakeisuke/practiceTensorFlow/fruits_discrimination/images_composite/corn/corn_53.jpg,1
/Users/kiriyamakeisuke/practiceTensorFlow/fruits_discrimination/images_composite/corn/corn_138.jpg,1
/Users/kiriyamakeisuke/practiceTensorFlow/fruits_discrimination/images_composite/corn/corn_183.jpg,1
/Users/kiriyamakeisuke/practiceTensorFlow/fruits_discrimination/images_composite/corn/corn_70.jpg,1
/Users/kiriyamakeisuke/practiceTensorFlow/fruits_discrimination/images_composite/corn/corn_79.jpg,1
/Users/kiriyamakeisuke/practiceTensorFlow/fruits_discrimination/images_composite/corn/corn_3.jpg,1
/Users/kiriyamakeisuke/practiceTensorFlow/fruits_discrimination/images_composite/corn/corn_75.jpg,1
/Users/kiriyamakeisuke/practiceTensorFlow/fruits_discrimination/images_composite/corn/corn_65.jpg,1
/Users/kiriyamakeisuke/practiceTensorFlow/fruits_discrimination/images_composite/corn/corn_31.jpg,1
/Users/kiriyamakeisuke/practiceTensorFlow/fruits_discrimination/images_composite/corn/corn_69.jpg,1
/Users/kiriyamakeisuke/practiceTensorFlow/fruits_discrimination/images_composite/corn/corn_97.jpg,1
/Users/kiriyamakeisuke/practiceTensorFlow/fruits_discrimination/images_composite/corn/corn_107.png,1
/Users/kiriyamakeisuke/practiceTensorFlow/fruits_discrimination/images_composite/corn/corn_146.jpg,1
/Users/kiriyamakeisuke/practiceTensorFlow/fruits_discrimination/images_composite/corn/corn_109.jpg,1
/Users/kiriyamakeisuke/practiceTensorFlow/fruits_discrimination/images_composite/corn/corn_106.jpg,1
/Users/kiriyamakeisuke/practiceTensorFlow/fruits_discrimination/images_composite/corn/corn_29.png,1
/Users/kiriyamakeisuke/practiceTensorFlow/fruits_discrimination/images_composite/corn/corn_66.jpg,1
/Users/kiriyamakeisuke/practiceTensorFlow/fruits_discrimination/images_composite/corn/corn_58.jpg,1
/Users/kiriyamakeisuke/practiceTensorFlow/fruits_discrimination/images_composite/corn/corn_78.jpg,1
/Users/kiriyamakeisuke/practiceTensorFlow/fruits_discrimination/images_composite/corn/corn_137.jpg,1
/Users/kiriyamakeisuke/practiceTensorFlow/fruits_discrimination/images_composite/corn/corn_111.png,1
/Users/kiriyamakeisuke/practiceTensorFlow/fruits_discrimination/images_composite/corn/corn_80.jpg,1
/Users/kiriyamakeisuke/practiceTensorFlow/fruits_discrimination/images_composite/corn/corn_129.jpg,1
/Users/kiriyamakeisuke/practiceTensorFlow/fruits_discrimination/images_composite/corn/corn_196.jpg,1
/Users/kiriyamakeisuke/practiceTensorFlow/fruits_discrimination/images_composite/corn/corn_122.jpg,1
/Users/kiriyamakeisuke/practiceTensorFlow/fruits_discrimination/images_composite/corn/corn_152.png,1
/Users/kiriyamakeisuke/practiceTensorFlow/fruits_discrimination/images_composite/corn/corn_154.jpg,1
/Users/kiriyamakeisuke/practiceTensorFlow/fruits_discrimination/images_composite/corn/corn_19.jpg,1
/Users/kiriyamakeisuke/practiceTensorFlow/fruits_discrimination/images_composite/corn/corn_184.jpg,1
/Users/kiriyamakeisuke/practiceTensorFlow/fruits_discrimination/images_composite/corn/corn_50.jpg,1
/Users/kiriyamakeisuke/practiceTensorFlow/fruits_discrimination/images_composite/corn/corn_170.jpg,1
/Users/kiriyamakeisuke/practiceTensorFlow/fruits_discrimination/images_composite/corn/corn_51.jpg,1
/Users/kiriyamakeisuke/practiceTensorFlow/fruits_discrimination/images_composite/corn/corn_57.jpg,1
/Users/kiriyamakeisuke/practiceTensorFlow/fruits_discrimination/images_composite/corn/corn_26.jpg,1
/Users/kiriyamakeisuke/practiceTensorFlow/fruits_discrimination/images_composite/corn/corn_61.jpg,1
/Users/kiriyamakeisuke/practiceTensorFlow/fruits_discrimination/images_composite/corn/corn_189.jpg,1
/Users/kiriyamakeisuke/practiceTensorFlow/fruits_discrimination/images_composite/corn/corn_99.png,1
/Users/kiriyamakeisuke/practiceTensorFlow/fruits_discrimination/images_composite/corn/corn_32.jpg,1
/Users/kiriyamakeisuke/practiceTensorFlow/fruits_discrimination/images_composite/corn/corn_37.png,1
/Users/kiriyamakeisuke/practiceTensorFlow/fruits_discrimination/images_composite/corn/corn_54.jpg,1
/Users/kiriyamakeisuke/practiceTensorFlow/fruits_discrimination/images_composite/corn/corn_84.jpg,1
/Users/kiriyamakeisuke/practiceTensorFlow/fruits_discrimination/images_composite/corn/corn_8.jpg,1
/Users/kiriyamakeisuke/practiceTensorFlow/fruits_discrimination/images_composite/corn/corn_52.jpg,1
/Users/kiriyamakeisuke/practiceTensorFlow/fruits_discrimination/images_composite/corn/corn_6.jpg,1
/Users/kiriyamakeisuke/practiceTensorFlow/fruits_discrimination/images_composite/corn/corn_46.jpg,1
/Users/kiriyamakeisuke/practiceTensorFlow/fruits_discrimination/images_composite/corn/corn_174.jpg,1
/Users/kiriyamakeisuke/practiceTensorFlow/fruits_discrimination/images_composite/corn/corn_4.jpg,1
/Users/kiriyamakeisuke/practiceTensorFlow/fruits_discrimination/images_composite/corn/corn_93.jpg,1
/Users/kiriyamakeisuke/practiceTensorFlow/fruits_discrimination/images_composite/corn/corn_1.jpg,1
/Users/kiriyamakeisuke/practiceTensorFlow/fruits_discrimination/images_composite/corn/corn_110.jpg,1
/Users/kiriyamakeisuke/practiceTensorFlow/fruits_discrimination/images_composite/corn/corn_163.jpg,1
/Users/kiriyamakeisuke/practiceTensorFlow/fruits_discrimination/images_composite/corn/corn_77.jpg,1
/Users/kiriyamakeisuke/practiceTensorFlow/fruits_discrimination/images_composite/corn/corn_18.jpg,1
/Users/kiriyamakeisuke/practiceTensorFlow/fruits_discrimination/images_composite/corn/corn_59.jpg,1
/Users/kiriyamakeisuke/practiceTensorFlow/fruits_discrimination/images_composite/corn/corn_188.jpg,1
/Users/kiriyamakeisuke/practiceTensorFlow/fruits_discrimination/images_composite/corn/corn_130.jpg,1
/Users/kiriyamakeisuke/practiceTensorFlow/fruits_discrimination/images_composite/corn/corn_113.png,1
/Users/kiriyamakeisuke/practiceTensorFlow/fruits_discrimination/images_composite/corn/corn_39.jpg,1
/Users/kiriyamakeisuke/practiceTensorFlow/fruits_discrimination/images_composite/corn/corn_73.jpg,1
/Users/kiriyamakeisuke/practiceTensorFlow/fruits_discrimination/images_composite/corn/corn_16.jpg,1
/Users/kiriyamakeisuke/practiceTensorFlow/fruits_discrimination/images_composite/corn/corn_169.jpg,1
/Users/kiriyamakeisuke/practiceTensorFlow/fruits_discrimination/images_composite/corn/corn_38.jpg,1
/Users/kiriyamakeisuke/practiceTensorFlow/fruits_discrimination/images_composite/corn/corn_91.jpg,1
/Users/kiriyamakeisuke/practiceTensorFlow/fruits_discrimination/images_composite/corn/corn_179.jpg,1
/Users/kiriyamakeisuke/practiceTensorFlow/fruits_discrimination/images_composite/corn/corn_40.png,1
/Users/kiriyamakeisuke/practiceTensorFlow/fruits_discrimination/images_composite/corn/corn_7.jpg,1
/Users/kiriyamakeisuke/practiceTensorFlow/fruits_discrimination/images_composite/corn/corn_94.jpg,1
/Users/kiriyamakeisuke/practiceTensorFlow/fruits_discrimination/images_composite/corn/corn_127.jpg,1
/Users/kiriyamakeisuke/practiceTensorFlow/fruits_discrimination/images_composite/corn/corn_159.png,1
/Users/kiriyamakeisuke/practiceTensorFlow/fruits_discrimination/images_composite/corn/corn_72.png,1
/Users/kiriyamakeisuke/practiceTensorFlow/fruits_discrimination/images_composite/corn/corn_76.jpg,1
/Users/kiriyamakeisuke/practiceTensorFlow/fruits_discrimination/images_composite/corn/corn_60.jpg,1
/Users/kiriyamakeisuke/practiceTensorFlow/fruits_discrimination/images_composite/corn/corn_175.jpg,1
/Users/kiriyamakeisuke/practiceTensorFlow/fruits_discrimination/images_composite/corn/corn_147.jpg,1
/Users/kiriyamakeisuke/practiceTensorFlow/fruits_discrimination/images_composite/corn/corn_83.jpg,1
/Users/kiriyamakeisuke/practiceTensorFlow/fruits_discrimination/images_composite/corn/corn_143.jpg,1
/Users/kiriyamakeisuke/practiceTensorFlow/fruits_discrimination/images_composite/corn/corn_68.jpg,1
/Users/kiriyamakeisuke/practiceTensorFlow/fruits_discrimination/images_composite/corn/corn_192.jpg,1
/Users/kiriyamakeisuke/practiceTensorFlow/fruits_discrimination/images_composite/corn/corn_104.jpg,1
/Users/kiriyamakeisuke/practiceTensorFlow/fruits_discrimination/images_composite/corn/corn_89.jpg,1
/Users/kiriyamakeisuke/practiceTensorFlow/fruits_discrimination/images_composite/corn/corn_22.jpg,1
/Users/kiriyamakeisuke/practiceTensorFlow/fruits_discrimination/images_composite/corn/corn_47.jpg,1
/Users/kiriyamakeisuke/practiceTensorFlow/fruits_discrimination/images_composite/corn/corn_102.jpg,1
/Users/kiriyamakeisuke/practiceTensorFlow/fruits_discrimination/images_composite/corn/corn_10.jpg,1
/Users/kiriyamakeisuke/practiceTensorFlow/fruits_discrimination/images_composite/corn/corn_182.jpg,1
/Users/kiriyamakeisuke/practiceTensorFlow/fruits_discrimination/images_composite/corn/corn_171.jpg,1
/Users/kiriyamakeisuke/practiceTensorFlow/fruits_discrimination/images_composite/corn/corn_41.jpg,1
/Users/kiriyamakeisuke/practiceTensorFlow/fruits_discrimination/images_composite/corn/corn_132.jpg,1
/Users/kiriyamakeisuke/practiceTensorFlow/fruits_discrimination/images_composite/corn/corn_116.jpg,1
/Users/kiriyamakeisuke/practiceTensorFlow/fruits_discrimination/images_composite/corn/corn_88.jpg,1
/Users/kiriyamakeisuke/practiceTensorFlow/fruits_discrimination/images_composite/corn/corn_186.jpg,1
/Users/kiriyamakeisuke/practiceTensorFlow/fruits_discrimination/images_composite/corn/corn_64.jpg,1
/Users/kiriyamakeisuke/practiceTensorFlow/fruits_discrimination/images_composite/corn/corn_27.jpg,1
/Users/kiriyamakeisuke/practiceTensorFlow/fruits_discrimination/images_composite/corn/corn_98.jpg,1
/Users/kiriyamakeisuke/practiceTensorFlow/fruits_discrimination/images_composite/corn/corn_168.jpg,1
/Users/kiriyamakeisuke/practiceTensorFlow/fruits_discrimination/images_composite/corn/corn_180.jpg,1
/Users/kiriyamakeisuke/practiceTensorFlow/fruits_discrimination/images_composite/corn/corn_117.jpg,1
/Users/kiriyamakeisuke/practiceTensorFlow/fruits_discrimination/images_composite/corn/corn_30.jpg,1
/Users/kiriyamakeisuke/practiceTensorFlow/fruits_discrimination/images_composite/corn/corn_101.jpg,1
/Users/kiriyamakeisuke/practiceTensorFlow/fruits_discrimination/images_composite/corn/corn_198.png,1
/Users/kiriyamakeisuke/practiceTensorFlow/fruits_discrimination/images_composite/corn/corn_11.jpg,1
/Users/kiriyamakeisuke/practiceTensorFlow/fruits_discrimination/images_composite/corn/corn_5.jpg,1
/Users/kiriyamakeisuke/practiceTensorFlow/fruits_discrimination/images_composite/corn/corn_74.jpg,1
/Users/kiriyamakeisuke/practiceTensorFlow/fruits_discrimination/images_composite/corn/corn_44.jpg,1
/Users/kiriyamakeisuke/practiceTensorFlow/fruits_discrimination/images_composite/corn/corn_103.jpg,1
/Users/kiriyamakeisuke/practiceTensorFlow/fruits_discrimination/images_composite/corn/corn_82.jpg,1
/Users/kiriyamakeisuke/practiceTensorFlow/fruits_discrimination/images_composite/corn/corn_176.jpg,1
/Users/kiriyamakeisuke/practiceTensorFlow/fruits_discrimination/images_composite/corn/corn_153.jpg,1
/Users/kiriyamakeisuke/practiceTensorFlow/fruits_discrimination/images_composite/corn/corn_194.jpg,1
/Users/kiriyamakeisuke/practiceTensorFlow/fruits_discrimination/images_composite/corn/corn_25.jpg,1
/Users/kiriyamakeisuke/practiceTensorFlow/fruits_discrimination/images_composite/corn/corn_17.jpg,1
/Users/kiriyamakeisuke/practiceTensorFlow/fruits_discrimination/images_composite/corn/corn_2.jpg,1
/Users/kiriyamakeisuke/practiceTensorFlow/fruits_discrimination/images_composite/corn/corn_108.jpg,1
/Users/kiriyamakeisuke/practiceTensorFlow/fruits_discrimination/images_composite/corn/corn_166.jpg,1
/Users/kiriyamakeisuke/practiceTensorFlow/fruits_discrimination/images_composite/corn/corn_126.jpg,1
/Users/kiriyamakeisuke/practiceTensorFlow/fruits_discrimination/images_composite/corn/corn_112.jpg,1
/Users/kiriyamakeisuke/practiceTensorFlow/fruits_discrimination/images_composite/corn/corn_48.jpg,1
/Users/kiriyamakeisuke/practiceTensorFlow/fruits_discrimination/images_composite/corn/corn_71.png,1
/Users/kiriyamakeisuke/practiceTensorFlow/fruits_discrimination/images_composite/corn/corn_149.jpg,1
/Users/kiriyamakeisuke/practiceTensorFlow/fruits_discrimination/images_composite/corn/corn_12.jpg,1
/Users/kiriyamakeisuke/practiceTensorFlow/fruits_discrimination/images_composite/corn/corn_165.jpg,1
/Users/kiriyamakeisuke/practiceTensorFlow/fruits_discrimination/images_composite/corn/corn_124.jpg,1
/Users/kiriyamakeisuke/practiceTensorFlow/fruits_discrimination/images_composite/corn/corn_150.jpg,1
/Users/kiriyamakeisuke/practiceTensorFlow/fruits_discrimination/images_composite/greengrape/greengrape_139.jpg,2
/Users/kiriyamakeisuke/practiceTensorFlow/fruits_discrimination/images_composite/greengrape/greengrape_101.jpg,2
/Users/kiriyamakeisuke/practiceTensorFlow/fruits_discrimination/images_composite/greengrape/greengrape_27.jpg,2
/Users/kiriyamakeisuke/practiceTensorFlow/fruits_discrimination/images_composite/greengrape/greengrape_158.jpg,2
/Users/kiriyamakeisuke/practiceTensorFlow/fruits_discrimination/images_composite/greengrape/greengrape_161.jpg,2
/Users/kiriyamakeisuke/practiceTensorFlow/fruits_discrimination/images_composite/greengrape/greengrape_112.jpg,2
/Users/kiriyamakeisuke/practiceTensorFlow/fruits_discrimination/images_composite/greengrape/greengrape_125.jpg,2
/Users/kiriyamakeisuke/practiceTensorFlow/fruits_discrimination/images_composite/greengrape/greengrape_97.jpg,2
/Users/kiriyamakeisuke/practiceTensorFlow/fruits_discrimination/images_composite/greengrape/greengrape_162.jpg,2
/Users/kiriyamakeisuke/practiceTensorFlow/fruits_discrimination/images_composite/greengrape/greengrape_191.jpg,2
/Users/kiriyamakeisuke/practiceTensorFlow/fruits_discrimination/images_composite/greengrape/greengrape_28.jpg,2
/Users/kiriyamakeisuke/practiceTensorFlow/fruits_discrimination/images_composite/greengrape/greengrape_151.jpg,2
/Users/kiriyamakeisuke/practiceTensorFlow/fruits_discrimination/images_composite/greengrape/greengrape_165.jpg,2
/Users/kiriyamakeisuke/practiceTensorFlow/fruits_discrimination/images_composite/greengrape/greengrape_83.jpg,2
/Users/kiriyamakeisuke/practiceTensorFlow/fruits_discrimination/images_composite/greengrape/greengrape_22.jpg,2
/Users/kiriyamakeisuke/practiceTensorFlow/fruits_discrimination/images_composite/greengrape/greengrape_138.jpg,2
/Users/kiriyamakeisuke/practiceTensorFlow/fruits_discrimination/images_composite/greengrape/greengrape_152.jpg,2
/Users/kiriyamakeisuke/practiceTensorFlow/fruits_discrimination/images_composite/greengrape/greengrape_45.jpg,2
/Users/kiriyamakeisuke/practiceTensorFlow/fruits_discrimination/images_composite/greengrape/greengrape_116.jpg,2
/Users/kiriyamakeisuke/practiceTensorFlow/fruits_discrimination/images_composite/greengrape/greengrape_110.jpg,2
/Users/kiriyamakeisuke/practiceTensorFlow/fruits_discrimination/images_composite/greengrape/greengrape_122.png,2
/Users/kiriyamakeisuke/practiceTensorFlow/fruits_discrimination/images_composite/greengrape/greengrape_173.jpg,2
/Users/kiriyamakeisuke/practiceTensorFlow/fruits_discrimination/images_composite/greengrape/greengrape_67.jpg,2
/Users/kiriyamakeisuke/practiceTensorFlow/fruits_discrimination/images_composite/greengrape/greengrape_186.jpg,2
/Users/kiriyamakeisuke/practiceTensorFlow/fruits_discrimination/images_composite/greengrape/greengrape_104.jpg,2
/Users/kiriyamakeisuke/practiceTensorFlow/fruits_discrimination/images_composite/greengrape/greengrape_178.jpg,2
/Users/kiriyamakeisuke/practiceTensorFlow/fruits_discrimination/images_composite/greengrape/greengrape_80.jpg,2
/Users/kiriyamakeisuke/practiceTensorFlow/fruits_discrimination/images_composite/greengrape/greengrape_7.jpg,2
/Users/kiriyamakeisuke/practiceTensorFlow/fruits_discrimination/images_composite/greengrape/greengrape_157.jpg,2
/Users/kiriyamakeisuke/practiceTensorFlow/fruits_discrimination/images_composite/greengrape/greengrape_175.jpg,2
/Users/kiriyamakeisuke/practiceTensorFlow/fruits_discrimination/images_composite/greengrape/greengrape_37.jpg,2
/Users/kiriyamakeisuke/practiceTensorFlow/fruits_discrimination/images_composite/greengrape/greengrape_100.jpg,2
/Users/kiriyamakeisuke/practiceTensorFlow/fruits_discrimination/images_composite/greengrape/greengrape_11.jpg,2
/Users/kiriyamakeisuke/practiceTensorFlow/fruits_discrimination/images_composite/greengrape/greengrape_141.jpg,2
/Users/kiriyamakeisuke/practiceTensorFlow/fruits_discrimination/images_composite/greengrape/greengrape_176.jpg,2
/Users/kiriyamakeisuke/practiceTensorFlow/fruits_discrimination/images_composite/greengrape/greengrape_61.jpg,2
/Users/kiriyamakeisuke/practiceTensorFlow/fruits_discrimination/images_composite/greengrape/greengrape_192.jpg,2
/Users/kiriyamakeisuke/practiceTensorFlow/fruits_discrimination/images_composite/greengrape/greengrape_142.jpg,2
/Users/kiriyamakeisuke/practiceTensorFlow/fruits_discrimination/images_composite/greengrape/greengrape_129.jpg,2
/Users/kiriyamakeisuke/practiceTensorFlow/fruits_discrimination/images_composite/greengrape/greengrape_132.jpg,2
/Users/kiriyamakeisuke/practiceTensorFlow/fruits_discrimination/images_composite/greengrape/greengrape_72.jpg,2
/Users/kiriyamakeisuke/practiceTensorFlow/fruits_discrimination/images_composite/greengrape/greengrape_163.jpg,2
/Users/kiriyamakeisuke/practiceTensorFlow/fruits_discrimination/images_composite/greengrape/greengrape_8.jpg,2
/Users/kiriyamakeisuke/practiceTensorFlow/fruits_discrimination/images_composite/greengrape/greengrape_36.jpg,2
/Users/kiriyamakeisuke/practiceTensorFlow/fruits_discrimination/images_composite/greengrape/greengrape_130.jpg,2
/Users/kiriyamakeisuke/practiceTensorFlow/fruits_discrimination/images_composite/greengrape/greengrape_31.jpg,2
/Users/kiriyamakeisuke/practiceTensorFlow/fruits_discrimination/images_composite/greengrape/greengrape_53.jpg,2
/Users/kiriyamakeisuke/practiceTensorFlow/fruits_discrimination/images_composite/greengrape/greengrape_18.png,2
/Users/kiriyamakeisuke/practiceTensorFlow/fruits_discrimination/images_composite/greengrape/greengrape_96.jpg,2
/Users/kiriyamakeisuke/practiceTensorFlow/fruits_discrimination/images_composite/greengrape/greengrape_156.jpg,2
/Users/kiriyamakeisuke/practiceTensorFlow/fruits_discrimination/images_composite/greengrape/greengrape_145.jpg,2
/Users/kiriyamakeisuke/practiceTensorFlow/fruits_discrimination/images_composite/greengrape/greengrape_128.jpg,2
/Users/kiriyamakeisuke/practiceTensorFlow/fruits_discrimination/images_composite/greengrape/greengrape_198.jpg,2
/Users/kiriyamakeisuke/practiceTensorFlow/fruits_discrimination/images_composite/greengrape/greengrape_5.jpg,2
/Users/kiriyamakeisuke/practiceTensorFlow/fruits_discrimination/images_composite/greengrape/greengrape_107.jpg,2
/Users/kiriyamakeisuke/practiceTensorFlow/fruits_discrimination/images_composite/greengrape/greengrape_166.jpg,2
/Users/kiriyamakeisuke/practiceTensorFlow/fruits_discrimination/images_composite/greengrape/greengrape_39.jpg,2
/Users/kiriyamakeisuke/practiceTensorFlow/fruits_discrimination/images_composite/greengrape/greengrape_121.jpg,2
/Users/kiriyamakeisuke/practiceTensorFlow/fruits_discrimination/images_composite/greengrape/greengrape_10.jpg,2
/Users/kiriyamakeisuke/practiceTensorFlow/fruits_discrimination/images_composite/greengrape/greengrape_90.jpg,2
/Users/kiriyamakeisuke/practiceTensorFlow/fruits_discrimination/images_composite/greengrape/greengrape_193.jpg,2
/Users/kiriyamakeisuke/practiceTensorFlow/fruits_discrimination/images_composite/greengrape/greengrape_119.jpg,2
/Users/kiriyamakeisuke/practiceTensorFlow/fruits_discrimination/images_composite/greengrape/greengrape_3.jpg,2
/Users/kiriyamakeisuke/practiceTensorFlow/fruits_discrimination/images_composite/greengrape/greengrape_181.jpg,2
/Users/kiriyamakeisuke/practiceTensorFlow/fruits_discrimination/images_composite/greengrape/greengrape_25.jpg,2
/Users/kiriyamakeisuke/practiceTensorFlow/fruits_discrimination/images_composite/greengrape/greengrape_117.jpg,2
/Users/kiriyamakeisuke/practiceTensorFlow/fruits_discrimination/images_composite/greengrape/greengrape_12.jpg,2
/Users/kiriyamakeisuke/practiceTensorFlow/fruits_discrimination/images_composite/greengrape/greengrape_188.jpg,2
/Users/kiriyamakeisuke/practiceTensorFlow/fruits_discrimination/images_composite/greengrape/greengrape_147.jpg,2
/Users/kiriyamakeisuke/practiceTensorFlow/fruits_discrimination/images_composite/greengrape/greengrape_126.jpg,2
/Users/kiriyamakeisuke/practiceTensorFlow/fruits_discrimination/images_composite/greengrape/greengrape_35.jpg,2
/Users/kiriyamakeisuke/practiceTensorFlow/fruits_discrimination/images_composite/greengrape/greengrape_51.jpg,2
/Users/kiriyamakeisuke/practiceTensorFlow/fruits_discrimination/images_composite/greengrape/greengrape_135.jpg,2
/Users/kiriyamakeisuke/practiceTensorFlow/fruits_discrimination/images_composite/greengrape/greengrape_172.png,2
/Users/kiriyamakeisuke/practiceTensorFlow/fruits_discrimination/images_composite/greengrape/greengrape_65.jpg,2
/Users/kiriyamakeisuke/practiceTensorFlow/fruits_discrimination/images_composite/greengrape/greengrape_33.jpg,2
/Users/kiriyamakeisuke/practiceTensorFlow/fruits_discrimination/images_composite/greengrape/greengrape_177.jpg,2
/Users/kiriyamakeisuke/practiceTensorFlow/fruits_discrimination/images_composite/greengrape/greengrape_111.jpg,2
/Users/kiriyamakeisuke/practiceTensorFlow/fruits_discrimination/images_composite/greengrape/greengrape_115.jpg,2
/Users/kiriyamakeisuke/practiceTensorFlow/fruits_discrimination/images_composite/greengrape/greengrape_189.jpg,2
/Users/kiriyamakeisuke/practiceTensorFlow/fruits_discrimination/images_composite/greengrape/greengrape_118.jpg,2
/Users/kiriyamakeisuke/practiceTensorFlow/fruits_discrimination/images_composite/greengrape/greengrape_49.jpg,2
/Users/kiriyamakeisuke/practiceTensorFlow/fruits_discrimination/images_composite/greengrape/greengrape_15.png,2
/Users/kiriyamakeisuke/practiceTensorFlow/fruits_discrimination/images_composite/greengrape/greengrape_20.jpg,2
/Users/kiriyamakeisuke/practiceTensorFlow/fruits_discrimination/images_composite/greengrape/greengrape_120.jpg,2
/Users/kiriyamakeisuke/practiceTensorFlow/fruits_discrimination/images_composite/greengrape/greengrape_54.jpg,2
/Users/kiriyamakeisuke/practiceTensorFlow/fruits_discrimination/images_composite/greengrape/greengrape_50.jpg,2
/Users/kiriyamakeisuke/practiceTensorFlow/fruits_discrimination/images_composite/greengrape/greengrape_183.jpg,2
/Users/kiriyamakeisuke/practiceTensorFlow/fruits_discrimination/images_composite/greengrape/greengrape_159.jpg,2
/Users/kiriyamakeisuke/practiceTensorFlow/fruits_discrimination/images_composite/greengrape/greengrape_85.jpg,2
/Users/kiriyamakeisuke/practiceTensorFlow/fruits_discrimination/images_composite/greengrape/greengrape_2.jpg,2
/Users/kiriyamakeisuke/practiceTensorFlow/fruits_discrimination/images_composite/greengrape/greengrape_14.jpg,2
/Users/kiriyamakeisuke/practiceTensorFlow/fruits_discrimination/images_composite/greengrape/greengrape_68.jpg,2
/Users/kiriyamakeisuke/practiceTensorFlow/fruits_discrimination/images_composite/greengrape/greengrape_6.png,2
/Users/kiriyamakeisuke/practiceTensorFlow/fruits_discrimination/images_composite/greengrape/greengrape_40.jpg,2
/Users/kiriyamakeisuke/practiceTensorFlow/fruits_discrimination/images_composite/greengrape/greengrape_196.jpg,2
/Users/kiriyamakeisuke/practiceTensorFlow/fruits_discrimination/images_composite/greengrape/greengrape_197.jpg,2
/Users/kiriyamakeisuke/practiceTensorFlow/fruits_discrimination/images_composite/greengrape/greengrape_171.jpg,2
/Users/kiriyamakeisuke/practiceTensorFlow/fruits_discrimination/images_composite/greengrape/greengrape_76.jpg,2
/Users/kiriyamakeisuke/practiceTensorFlow/fruits_discrimination/images_composite/greengrape/greengrape_155.jpg,2
/Users/kiriyamakeisuke/practiceTensorFlow/fruits_discrimination/images_composite/greengrape/greengrape_167.jpg,2
/Users/kiriyamakeisuke/practiceTensorFlow/fruits_discrimination/images_composite/greengrape/greengrape_93.jpg,2
/Users/kiriyamakeisuke/practiceTensorFlow/fruits_discrimination/images_composite/greengrape/greengrape_174.png,2
/Users/kiriyamakeisuke/practiceTensorFlow/fruits_discrimination/images_composite/greengrape/greengrape_56.jpg,2
/Users/kiriyamakeisuke/practiceTensorFlow/fruits_discrimination/images_composite/greengrape/greengrape_131.jpg,2
/Users/kiriyamakeisuke/practiceTensorFlow/fruits_discrimination/images_composite/greengrape/greengrape_81.jpg,2
/Users/kiriyamakeisuke/practiceTensorFlow/fruits_discrimination/images_composite/greengrape/greengrape_84.jpg,2
/Users/kiriyamakeisuke/practiceTensorFlow/fruits_discrimination/images_composite/greengrape/greengrape_170.png,2
/Users/kiriyamakeisuke/practiceTensorFlow/fruits_discrimination/images_composite/greengrape/greengrape_77.jpg,2
/Users/kiriyamakeisuke/practiceTensorFlow/fruits_discrimination/images_composite/greengrape/greengrape_124.jpg,2
/Users/kiriyamakeisuke/practiceTensorFlow/fruits_discrimination/images_composite/greengrape/greengrape_21.jpg,2
/Users/kiriyamakeisuke/practiceTensorFlow/fruits_discrimination/images_composite/greengrape/greengrape_4.png,2
/Users/kiriyamakeisuke/practiceTensorFlow/fruits_discrimination/images_composite/greengrape/greengrape_149.jpg,2
/Users/kiriyamakeisuke/practiceTensorFlow/fruits_discrimination/images_composite/greengrape/greengrape_179.jpg,2
/Users/kiriyamakeisuke/practiceTensorFlow/fruits_discrimination/images_composite/greengrape/greengrape_194.jpg,2
/Users/kiriyamakeisuke/practiceTensorFlow/fruits_discrimination/images_composite/greengrape/greengrape_114.jpg,2
/Users/kiriyamakeisuke/practiceTensorFlow/fruits_discrimination/images_composite/greengrape/greengrape_86.jpg,2
/Users/kiriyamakeisuke/practiceTensorFlow/fruits_discrimination/images_composite/greengrape/greengrape_75.jpg,2
/Users/kiriyamakeisuke/practiceTensorFlow/fruits_discrimination/images_composite/greengrape/greengrape_103.jpg,2
/Users/kiriyamakeisuke/practiceTensorFlow/fruits_discrimination/images_composite/greengrape/greengrape_92.jpg,2
/Users/kiriyamakeisuke/practiceTensorFlow/fruits_discrimination/images_composite/greengrape/greengrape_113.png,2
/Users/kiriyamakeisuke/practiceTensorFlow/fruits_discrimination/images_composite/greengrape/greengrape_143.jpg,2
/Users/kiriyamakeisuke/practiceTensorFlow/fruits_discrimination/images_composite/greengrape/greengrape_48.jpg,2
/Users/kiriyamakeisuke/practiceTensorFlow/fruits_discrimination/images_composite/greengrape/greengrape_66.jpg,2
/Users/kiriyamakeisuke/practiceTensorFlow/fruits_discrimination/images_composite/greengrape/greengrape_9.jpg,2
/Users/kiriyamakeisuke/practiceTensorFlow/fruits_discrimination/images_composite/greengrape/greengrape_38.jpg,2
/Users/kiriyamakeisuke/practiceTensorFlow/fruits_discrimination/images_composite/greengrape/greengrape_146.jpg,2
/Users/kiriyamakeisuke/practiceTensorFlow/fruits_discrimination/images_composite/greengrape/greengrape_30.jpg,2
/Users/kiriyamakeisuke/practiceTensorFlow/fruits_discrimination/images_composite/greengrape/greengrape_32.jpg,2
/Users/kiriyamakeisuke/practiceTensorFlow/fruits_discrimination/images_composite/greengrape/greengrape_1.jpg,2
/Users/kiriyamakeisuke/practiceTensorFlow/fruits_discrimination/images_composite/lemon/lemon_77.jpg,3
/Users/kiriyamakeisuke/practiceTensorFlow/fruits_discrimination/images_composite/lemon/lemon_98.png,3
/Users/kiriyamakeisuke/practiceTensorFlow/fruits_discrimination/images_composite/lemon/lemon_65.jpg,3
/Users/kiriyamakeisuke/practiceTensorFlow/fruits_discrimination/images_composite/lemon/lemon_78.jpg,3
/Users/kiriyamakeisuke/practiceTensorFlow/fruits_discrimination/images_composite/lemon/lemon_26.jpg,3
/Users/kiriyamakeisuke/practiceTensorFlow/fruits_discrimination/images_composite/lemon/lemon_62.jpg,3
/Users/kiriyamakeisuke/practiceTensorFlow/fruits_discrimination/images_composite/lemon/lemon_169.jpg,3
/Users/kiriyamakeisuke/practiceTensorFlow/fruits_discrimination/images_composite/lemon/lemon_28.jpg,3
/Users/kiriyamakeisuke/practiceTensorFlow/fruits_discrimination/images_composite/lemon/lemon_92.png,3
/Users/kiriyamakeisuke/practiceTensorFlow/fruits_discrimination/images_composite/lemon/lemon_33.jpg,3
/Users/kiriyamakeisuke/practiceTensorFlow/fruits_discrimination/images_composite/lemon/lemon_43.png,3
/Users/kiriyamakeisuke/practiceTensorFlow/fruits_discrimination/images_composite/lemon/lemon_46.jpg,3
/Users/kiriyamakeisuke/practiceTensorFlow/fruits_discrimination/images_composite/lemon/lemon_100.jpg,3
/Users/kiriyamakeisuke/practiceTensorFlow/fruits_discrimination/images_composite/lemon/lemon_155.jpg,3
/Users/kiriyamakeisuke/practiceTensorFlow/fruits_discrimination/images_composite/lemon/lemon_119.jpg,3
/Users/kiriyamakeisuke/practiceTensorFlow/fruits_discrimination/images_composite/lemon/lemon_177.jpg,3
/Users/kiriyamakeisuke/practiceTensorFlow/fruits_discrimination/images_composite/lemon/lemon_180.png,3
/Users/kiriyamakeisuke/practiceTensorFlow/fruits_discrimination/images_composite/lemon/lemon_196.jpg,3
/Users/kiriyamakeisuke/practiceTensorFlow/fruits_discrimination/images_composite/lemon/lemon_120.jpg,3
/Users/kiriyamakeisuke/practiceTensorFlow/fruits_discrimination/images_composite/lemon/lemon_99.jpg,3
/Users/kiriyamakeisuke/practiceTensorFlow/fruits_discrimination/images_composite/lemon/lemon_17.jpg,3
/Users/kiriyamakeisuke/practiceTensorFlow/fruits_discrimination/images_composite/lemon/lemon_13.jpg,3
/Users/kiriyamakeisuke/practiceTensorFlow/fruits_discrimination/images_composite/lemon/lemon_39.png,3
/Users/kiriyamakeisuke/practiceTensorFlow/fruits_discrimination/images_composite/lemon/lemon_188.jpg,3
/Users/kiriyamakeisuke/practiceTensorFlow/fruits_discrimination/images_composite/lemon/lemon_75.jpg,3
/Users/kiriyamakeisuke/practiceTensorFlow/fruits_discrimination/images_composite/lemon/lemon_124.jpg,3
/Users/kiriyamakeisuke/practiceTensorFlow/fruits_discrimination/images_composite/lemon/lemon_129.jpg,3
/Users/kiriyamakeisuke/practiceTensorFlow/fruits_discrimination/images_composite/lemon/lemon_113.jpg,3
/Users/kiriyamakeisuke/practiceTensorFlow/fruits_discrimination/images_composite/lemon/lemon_190.jpg,3
/Users/kiriyamakeisuke/practiceTensorFlow/fruits_discrimination/images_composite/lemon/lemon_167.jpg,3
/Users/kiriyamakeisuke/practiceTensorFlow/fruits_discrimination/images_composite/lemon/lemon_149.jpg,3
/Users/kiriyamakeisuke/practiceTensorFlow/fruits_discrimination/images_composite/lemon/lemon_112.jpg,3
/Users/kiriyamakeisuke/practiceTensorFlow/fruits_discrimination/images_composite/lemon/lemon_165.jpg,3
/Users/kiriyamakeisuke/practiceTensorFlow/fruits_discrimination/images_composite/lemon/lemon_135.jpg,3
/Users/kiriyamakeisuke/practiceTensorFlow/fruits_discrimination/images_composite/lemon/lemon_87.png,3
/Users/kiriyamakeisuke/practiceTensorFlow/fruits_discrimination/images_composite/lemon/lemon_170.jpg,3
/Users/kiriyamakeisuke/practiceTensorFlow/fruits_discrimination/images_composite/lemon/lemon_12.jpg,3
/Users/kiriyamakeisuke/practiceTensorFlow/fruits_discrimination/images_composite/lemon/lemon_166.jpg,3
/Users/kiriyamakeisuke/practiceTensorFlow/fruits_discrimination/images_composite/lemon/lemon_30.jpg,3
/Users/kiriyamakeisuke/practiceTensorFlow/fruits_discrimination/images_composite/lemon/lemon_192.jpg,3
/Users/kiriyamakeisuke/practiceTensorFlow/fruits_discrimination/images_composite/lemon/lemon_189.png,3
/Users/kiriyamakeisuke/practiceTensorFlow/fruits_discrimination/images_composite/lemon/lemon_1.jpg,3
/Users/kiriyamakeisuke/practiceTensorFlow/fruits_discrimination/images_composite/lemon/lemon_125.jpg,3
/Users/kiriyamakeisuke/practiceTensorFlow/fruits_discrimination/images_composite/lemon/lemon_7.jpg,3
/Users/kiriyamakeisuke/practiceTensorFlow/fruits_discrimination/images_composite/lemon/lemon_8.jpg,3
/Users/kiriyamakeisuke/practiceTensorFlow/fruits_discrimination/images_composite/lemon/lemon_151.jpg,3
/Users/kiriyamakeisuke/practiceTensorFlow/fruits_discrimination/images_composite/lemon/lemon_9.jpg,3
/Users/kiriyamakeisuke/practiceTensorFlow/fruits_discrimination/images_composite/lemon/lemon_19.jpg,3
/Users/kiriyamakeisuke/practiceTensorFlow/fruits_discrimination/images_composite/lemon/lemon_143.jpg,3
/Users/kiriyamakeisuke/practiceTensorFlow/fruits_discrimination/images_composite/lemon/lemon_160.jpg,3
/Users/kiriyamakeisuke/practiceTensorFlow/fruits_discrimination/images_composite/lemon/lemon_71.jpg,3
/Users/kiriyamakeisuke/practiceTensorFlow/fruits_discrimination/images_composite/lemon/lemon_94.png,3
/Users/kiriyamakeisuke/practiceTensorFlow/fruits_discrimination/images_composite/lemon/lemon_182.jpg,3
/Users/kiriyamakeisuke/practiceTensorFlow/fruits_discrimination/images_composite/lemon/lemon_93.jpg,3
/Users/kiriyamakeisuke/practiceTensorFlow/fruits_discrimination/images_composite/lemon/lemon_36.jpg,3
/Users/kiriyamakeisuke/practiceTensorFlow/fruits_discrimination/images_composite/lemon/lemon_76.jpg,3
/Users/kiriyamakeisuke/practiceTensorFlow/fruits_discrimination/images_composite/lemon/lemon_72.jpg,3
/Users/kiriyamakeisuke/practiceTensorFlow/fruits_discrimination/images_composite/lemon/lemon_136.jpg,3
/Users/kiriyamakeisuke/practiceTensorFlow/fruits_discrimination/images_composite/lemon/lemon_84.jpg,3
/Users/kiriyamakeisuke/practiceTensorFlow/fruits_discrimination/images_composite/lemon/lemon_134.jpg,3
/Users/kiriyamakeisuke/practiceTensorFlow/fruits_discrimination/images_composite/lemon/lemon_20.jpg,3
/Users/kiriyamakeisuke/practiceTensorFlow/fruits_discrimination/images_composite/lemon/lemon_23.jpg,3
/Users/kiriyamakeisuke/practiceTensorFlow/fruits_discrimination/images_composite/lemon/lemon_101.jpg,3
/Users/kiriyamakeisuke/practiceTensorFlow/fruits_discrimination/images_composite/lemon/lemon_152.jpg,3
/Users/kiriyamakeisuke/practiceTensorFlow/fruits_discrimination/images_composite/lemon/lemon_108.jpg,3
/Users/kiriyamakeisuke/practiceTensorFlow/fruits_discrimination/images_composite/lemon/lemon_187.png,3
/Users/kiriyamakeisuke/practiceTensorFlow/fruits_discrimination/images_composite/lemon/lemon_42.jpg,3
/Users/kiriyamakeisuke/practiceTensorFlow/fruits_discrimination/images_composite/lemon/lemon_58.jpg,3
/Users/kiriyamakeisuke/practiceTensorFlow/fruits_discrimination/images_composite/lemon/lemon_16.jpg,3
/Users/kiriyamakeisuke/practiceTensorFlow/fruits_discrimination/images_composite/lemon/lemon_56.png,3
/Users/kiriyamakeisuke/practiceTensorFlow/fruits_discrimination/images_composite/lemon/lemon_122.jpg,3
/Users/kiriyamakeisuke/practiceTensorFlow/fruits_discrimination/images_composite/lemon/lemon_174.jpg,3
/Users/kiriyamakeisuke/practiceTensorFlow/fruits_discrimination/images_composite/lemon/lemon_153.jpg,3
/Users/kiriyamakeisuke/practiceTensorFlow/fruits_discrimination/images_composite/lemon/lemon_45.jpg,3
/Users/kiriyamakeisuke/practiceTensorFlow/fruits_discrimination/images_composite/lemon/lemon_144.jpg,3
/Users/kiriyamakeisuke/practiceTensorFlow/fruits_discrimination/images_composite/lemon/lemon_97.jpg,3
/Users/kiriyamakeisuke/practiceTensorFlow/fruits_discrimination/images_composite/lemon/lemon_41.png,3
/Users/kiriyamakeisuke/practiceTensorFlow/fruits_discrimination/images_composite/lemon/lemon_181.jpg,3
/Users/kiriyamakeisuke/practiceTensorFlow/fruits_discrimination/images_composite/lemon/lemon_68.jpg,3
/Users/kiriyamakeisuke/practiceTensorFlow/fruits_discrimination/images_composite/lemon/lemon_150.png,3
/Users/kiriyamakeisuke/practiceTensorFlow/fruits_discrimination/images_composite/lemon/lemon_121.jpg,3
/Users/kiriyamakeisuke/practiceTensorFlow/fruits_discrimination/images_composite/lemon/lemon_139.jpg,3
/Users/kiriyamakeisuke/practiceTensorFlow/fruits_discrimination/images_composite/lemon/lemon_3.png,3
/Users/kiriyamakeisuke/practiceTensorFlow/fruits_discrimination/images_composite/lemon/lemon_137.png,3
/Users/kiriyamakeisuke/practiceTensorFlow/fruits_discrimination/images_composite/lemon/lemon_37.jpg,3
/Users/kiriyamakeisuke/practiceTensorFlow/fruits_discrimination/images_composite/lemon/lemon_163.jpg,3
/Users/kiriyamakeisuke/practiceTensorFlow/fruits_discrimination/images_composite/lemon/lemon_11.jpg,3
/Users/kiriyamakeisuke/practiceTensorFlow/fruits_discrimination/images_composite/lemon/lemon_51.jpg,3
/Users/kiriyamakeisuke/practiceTensorFlow/fruits_discrimination/images_composite/lemon/lemon_116.jpg,3
/Users/kiriyamakeisuke/practiceTensorFlow/fruits_discrimination/images_composite/lemon/lemon_88.png,3
/Users/kiriyamakeisuke/practiceTensorFlow/fruits_discrimination/images_composite/lemon/lemon_70.jpg,3
/Users/kiriyamakeisuke/practiceTensorFlow/fruits_discrimination/images_composite/lemon/lemon_57.jpg,3
/Users/kiriyamakeisuke/practiceTensorFlow/fruits_discrimination/images_composite/lemon/lemon_132.jpg,3
/Users/kiriyamakeisuke/practiceTensorFlow/fruits_discrimination/images_composite/lemon/lemon_96.png,3
/Users/kiriyamakeisuke/practiceTensorFlow/fruits_discrimination/images_composite/lemon/lemon_61.jpg,3
/Users/kiriyamakeisuke/practiceTensorFlow/fruits_discrimination/images_composite/lemon/lemon_53.jpg,3
/Users/kiriyamakeisuke/practiceTensorFlow/fruits_discrimination/images_composite/lemon/lemon_126.jpg,3
/Users/kiriyamakeisuke/practiceTensorFlow/fruits_discrimination/images_composite/lemon/lemon_103.jpg,3
/Users/kiriyamakeisuke/practiceTensorFlow/fruits_discrimination/images_composite/lemon/lemon_59.jpg,3
/Users/kiriyamakeisuke/practiceTensorFlow/fruits_discrimination/images_composite/lemon/lemon_5.jpg,3
/Users/kiriyamakeisuke/practiceTensorFlow/fruits_discrimination/images_composite/lemon/lemon_138.jpg,3
/Users/kiriyamakeisuke/practiceTensorFlow/fruits_discrimination/images_composite/lemon/lemon_49.jpg,3
/Users/kiriyamakeisuke/practiceTensorFlow/fruits_discrimination/images_composite/lemon/lemon_164.jpg,3
/Users/kiriyamakeisuke/practiceTensorFlow/fruits_discrimination/images_composite/lemon/lemon_154.jpg,3
/Users/kiriyamakeisuke/practiceTensorFlow/fruits_discrimination/images_composite/lemon/lemon_50.jpg,3
/Users/kiriyamakeisuke/practiceTensorFlow/fruits_discrimination/images_composite/lemon/lemon_4.jpg,3
/Users/kiriyamakeisuke/practiceTensorFlow/fruits_discrimination/images_composite/lemon/lemon_63.jpg,3
/Users/kiriyamakeisuke/practiceTensorFlow/fruits_discrimination/images_composite/lemon/lemon_80.jpg,3
/Users/kiriyamakeisuke/practiceTensorFlow/fruits_discrimination/images_composite/lemon/lemon_185.jpg,3
/Users/kiriyamakeisuke/practiceTensorFlow/fruits_discrimination/images_composite/lemon/lemon_194.jpg,3
/Users/kiriyamakeisuke/practiceTensorFlow/fruits_discrimination/images_composite/lemon/lemon_106.jpg,3
/Users/kiriyamakeisuke/practiceTensorFlow/fruits_discrimination/images_composite/lemon/lemon_2.jpg,3
/Users/kiriyamakeisuke/practiceTensorFlow/fruits_discrimination/images_composite/lemon/lemon_14.jpg,3
/Users/kiriyamakeisuke/practiceTensorFlow/fruits_discrimination/images_composite/lemon/lemon_110.jpg,3
/Users/kiriyamakeisuke/practiceTensorFlow/fruits_discrimination/images_composite/lemon/lemon_67.jpg,3
/Users/kiriyamakeisuke/practiceTensorFlow/fruits_discrimination/images_composite/lemon/lemon_89.jpg,3
/Users/kiriyamakeisuke/practiceTensorFlow/fruits_discrimination/images_composite/lemon/lemon_54.jpg,3
/Users/kiriyamakeisuke/practiceTensorFlow/fruits_discrimination/images_composite/lemon/lemon_191.jpg,3
/Users/kiriyamakeisuke/practiceTensorFlow/fruits_discrimination/images_composite/lemon/lemon_173.jpg,3
/Users/kiriyamakeisuke/practiceTensorFlow/fruits_discrimination/images_composite/lemon/lemon_130.jpg,3
/Users/kiriyamakeisuke/practiceTensorFlow/fruits_discrimination/images_composite/lemon/lemon_171.jpg,3
/Users/kiriyamakeisuke/practiceTensorFlow/fruits_discrimination/images_composite/lemon/lemon_197.jpg,3
/Users/kiriyamakeisuke/practiceTensorFlow/fruits_discrimination/images_composite/lemon/lemon_48.jpg,3
/Users/kiriyamakeisuke/practiceTensorFlow/fruits_discrimination/images_composite/lemon/lemon_15.jpg,3
/Users/kiriyamakeisuke/practiceTensorFlow/fruits_discrimination/images_composite/lemon/lemon_6.jpg,3
/Users/kiriyamakeisuke/practiceTensorFlow/fruits_discrimination/images_composite/lemon/lemon_107.jpg,3
/Users/kiriyamakeisuke/practiceTensorFlow/fruits_discrimination/images_composite/lemon/lemon_133.jpg,3
/Users/kiriyamakeisuke/practiceTensorFlow/fruits_discrimination/images_composite/lemon/lemon_128.jpg,3
/Users/kiriyamakeisuke/practiceTensorFlow/fruits_discrimination/images_composite/lemon/lemon_25.jpg,3
/Users/kiriyamakeisuke/practiceTensorFlow/fruits_discrimination/images_composite/lemon/lemon_22.jpg,3
/Users/kiriyamakeisuke/practiceTensorFlow/fruits_discrimination/images_composite/peer/peer_19.jpg,4
/Users/kiriyamakeisuke/practiceTensorFlow/fruits_discrimination/images_composite/peer/peer_186.jpg,4
/Users/kiriyamakeisuke/practiceTensorFlow/fruits_discrimination/images_composite/peer/peer_106.jpg,4
/Users/kiriyamakeisuke/practiceTensorFlow/fruits_discrimination/images_composite/peer/peer_179.jpg,4
/Users/kiriyamakeisuke/practiceTensorFlow/fruits_discrimination/images_composite/peer/peer_131.png,4
/Users/kiriyamakeisuke/practiceTensorFlow/fruits_discrimination/images_composite/peer/peer_149.jpg,4
/Users/kiriyamakeisuke/practiceTensorFlow/fruits_discrimination/images_composite/peer/peer_46.jpg,4
/Users/kiriyamakeisuke/practiceTensorFlow/fruits_discrimination/images_composite/peer/peer_144.jpg,4
/Users/kiriyamakeisuke/practiceTensorFlow/fruits_discrimination/images_composite/peer/peer_173.png,4
/Users/kiriyamakeisuke/practiceTensorFlow/fruits_discrimination/images_composite/peer/peer_140.jpg,4
/Users/kiriyamakeisuke/practiceTensorFlow/fruits_discrimination/images_composite/peer/peer_99.jpg,4
/Users/kiriyamakeisuke/practiceTensorFlow/fruits_discrimination/images_composite/peer/peer_47.png,4
/Users/kiriyamakeisuke/practiceTensorFlow/fruits_discrimination/images_composite/peer/peer_100.jpg,4
/Users/kiriyamakeisuke/practiceTensorFlow/fruits_discrimination/images_composite/peer/peer_66.png,4
/Users/kiriyamakeisuke/practiceTensorFlow/fruits_discrimination/images_composite/peer/peer_45.jpg,4
/Users/kiriyamakeisuke/practiceTensorFlow/fruits_discrimination/images_composite/peer/peer_178.jpg,4
/Users/kiriyamakeisuke/practiceTensorFlow/fruits_discrimination/images_composite/peer/peer_39.jpg,4
/Users/kiriyamakeisuke/practiceTensorFlow/fruits_discrimination/images_composite/peer/peer_36.jpg,4
/Users/kiriyamakeisuke/practiceTensorFlow/fruits_discrimination/images_composite/peer/peer_10.jpg,4
/Users/kiriyamakeisuke/practiceTensorFlow/fruits_discrimination/images_composite/peer/peer_82.jpg,4
/Users/kiriyamakeisuke/practiceTensorFlow/fruits_discrimination/images_composite/peer/peer_56.png,4
/Users/kiriyamakeisuke/practiceTensorFlow/fruits_discrimination/images_composite/peer/peer_79.jpg,4
/Users/kiriyamakeisuke/practiceTensorFlow/fruits_discrimination/images_composite/peer/peer_48.png,4
/Users/kiriyamakeisuke/practiceTensorFlow/fruits_discrimination/images_composite/peer/peer_81.jpg,4
/Users/kiriyamakeisuke/practiceTensorFlow/fruits_discrimination/images_composite/peer/peer_109.jpg,4
/Users/kiriyamakeisuke/practiceTensorFlow/fruits_discrimination/images_composite/peer/peer_60.jpg,4
/Users/kiriyamakeisuke/practiceTensorFlow/fruits_discrimination/images_composite/peer/peer_18.jpg,4
/Users/kiriyamakeisuke/practiceTensorFlow/fruits_discrimination/images_composite/peer/peer_53.jpg,4
/Users/kiriyamakeisuke/practiceTensorFlow/fruits_discrimination/images_composite/peer/peer_174.jpg,4
/Users/kiriyamakeisuke/practiceTensorFlow/fruits_discrimination/images_composite/peer/peer_14.jpg,4
/Users/kiriyamakeisuke/practiceTensorFlow/fruits_discrimination/images_composite/peer/peer_125.jpg,4
/Users/kiriyamakeisuke/practiceTensorFlow/fruits_discrimination/images_composite/peer/peer_165.jpg,4
/Users/kiriyamakeisuke/practiceTensorFlow/fruits_discrimination/images_composite/peer/peer_129.jpg,4
/Users/kiriyamakeisuke/practiceTensorFlow/fruits_discrimination/images_composite/peer/peer_172.png,4
/Users/kiriyamakeisuke/practiceTensorFlow/fruits_discrimination/images_composite/peer/peer_80.jpg,4
/Users/kiriyamakeisuke/practiceTensorFlow/fruits_discrimination/images_composite/peer/peer_195.jpg,4
/Users/kiriyamakeisuke/practiceTensorFlow/fruits_discrimination/images_composite/peer/peer_104.jpg,4
/Users/kiriyamakeisuke/practiceTensorFlow/fruits_discrimination/images_composite/peer/peer_94.jpg,4
/Users/kiriyamakeisuke/practiceTensorFlow/fruits_discrimination/images_composite/peer/peer_137.png,4
/Users/kiriyamakeisuke/practiceTensorFlow/fruits_discrimination/images_composite/peer/peer_3.jpg,4
/Users/kiriyamakeisuke/practiceTensorFlow/fruits_discrimination/images_composite/peer/peer_64.jpg,4
/Users/kiriyamakeisuke/practiceTensorFlow/fruits_discrimination/images_composite/peer/peer_8.jpg,4
/Users/kiriyamakeisuke/practiceTensorFlow/fruits_discrimination/images_composite/peer/peer_77.png,4
/Users/kiriyamakeisuke/practiceTensorFlow/fruits_discrimination/images_composite/peer/peer_78.jpg,4
/Users/kiriyamakeisuke/practiceTensorFlow/fruits_discrimination/images_composite/peer/peer_21.png,4
/Users/kiriyamakeisuke/practiceTensorFlow/fruits_discrimination/images_composite/peer/peer_12.jpg,4
/Users/kiriyamakeisuke/practiceTensorFlow/fruits_discrimination/images_composite/peer/peer_16.jpg,4
/Users/kiriyamakeisuke/practiceTensorFlow/fruits_discrimination/images_composite/peer/peer_127.jpg,4
/Users/kiriyamakeisuke/practiceTensorFlow/fruits_discrimination/images_composite/peer/peer_74.jpg,4
/Users/kiriyamakeisuke/practiceTensorFlow/fruits_discrimination/images_composite/peer/peer_180.jpg,4
/Users/kiriyamakeisuke/practiceTensorFlow/fruits_discrimination/images_composite/peer/peer_43.jpg,4
/Users/kiriyamakeisuke/practiceTensorFlow/fruits_discrimination/images_composite/peer/peer_76.jpg,4
/Users/kiriyamakeisuke/practiceTensorFlow/fruits_discrimination/images_composite/peer/peer_29.jpg,4
/Users/kiriyamakeisuke/practiceTensorFlow/fruits_discrimination/images_composite/peer/peer_167.jpg,4
/Users/kiriyamakeisuke/practiceTensorFlow/fruits_discrimination/images_composite/peer/peer_85.jpg,4
/Users/kiriyamakeisuke/practiceTensorFlow/fruits_discrimination/images_composite/peer/peer_158.jpg,4
/Users/kiriyamakeisuke/practiceTensorFlow/fruits_discrimination/images_composite/peer/peer_1.jpg,4
/Users/kiriyamakeisuke/practiceTensorFlow/fruits_discrimination/images_composite/peer/peer_32.png,4
/Users/kiriyamakeisuke/practiceTensorFlow/fruits_discrimination/images_composite/peer/peer_35.png,4
/Users/kiriyamakeisuke/practiceTensorFlow/fruits_discrimination/images_composite/peer/peer_70.jpg,4
/Users/kiriyamakeisuke/practiceTensorFlow/fruits_discrimination/images_composite/peer/peer_175.png,4
/Users/kiriyamakeisuke/practiceTensorFlow/fruits_discrimination/images_composite/peer/peer_119.jpg,4
/Users/kiriyamakeisuke/practiceTensorFlow/fruits_discrimination/images_composite/peer/peer_83.jpg,4
/Users/kiriyamakeisuke/practiceTensorFlow/fruits_discrimination/images_composite/peer/peer_38.jpg,4
/Users/kiriyamakeisuke/practiceTensorFlow/fruits_discrimination/images_composite/peer/peer_105.jpg,4
/Users/kiriyamakeisuke/practiceTensorFlow/fruits_discrimination/images_composite/peer/peer_198.jpg,4
/Users/kiriyamakeisuke/practiceTensorFlow/fruits_discrimination/images_composite/peer/peer_142.jpg,4
/Users/kiriyamakeisuke/practiceTensorFlow/fruits_discrimination/images_composite/peer/peer_193.png,4
/Users/kiriyamakeisuke/practiceTensorFlow/fruits_discrimination/images_composite/peer/peer_126.jpg,4
/Users/kiriyamakeisuke/practiceTensorFlow/fruits_discrimination/images_composite/peer/peer_62.png,4
/Users/kiriyamakeisuke/practiceTensorFlow/fruits_discrimination/images_composite/peer/peer_34.jpg,4
/Users/kiriyamakeisuke/practiceTensorFlow/fruits_discrimination/images_composite/peer/peer_184.jpg,4
/Users/kiriyamakeisuke/practiceTensorFlow/fruits_discrimination/images_composite/peer/peer_143.jpg,4
/Users/kiriyamakeisuke/practiceTensorFlow/fruits_discrimination/images_composite/peer/peer_110.jpg,4
/Users/kiriyamakeisuke/practiceTensorFlow/fruits_discrimination/images_composite/peer/peer_75.jpg,4
/Users/kiriyamakeisuke/practiceTensorFlow/fruits_discrimination/images_composite/peer/peer_196.jpg,4
/Users/kiriyamakeisuke/practiceTensorFlow/fruits_discrimination/images_composite/peer/peer_44.jpg,4
/Users/kiriyamakeisuke/practiceTensorFlow/fruits_discrimination/images_composite/peer/peer_182.jpg,4
/Users/kiriyamakeisuke/practiceTensorFlow/fruits_discrimination/images_composite/peer/peer_117.png,4
/Users/kiriyamakeisuke/practiceTensorFlow/fruits_discrimination/images_composite/peer/peer_151.png,4
/Users/kiriyamakeisuke/practiceTensorFlow/fruits_discrimination/images_composite/peer/peer_11.png,4
/Users/kiriyamakeisuke/practiceTensorFlow/fruits_discrimination/images_composite/peer/peer_161.png,4
/Users/kiriyamakeisuke/practiceTensorFlow/fruits_discrimination/images_composite/peer/peer_90.jpg,4
/Users/kiriyamakeisuke/practiceTensorFlow/fruits_discrimination/images_composite/peer/peer_31.png,4
/Users/kiriyamakeisuke/practiceTensorFlow/fruits_discrimination/images_composite/peer/peer_116.jpg,4
/Users/kiriyamakeisuke/practiceTensorFlow/fruits_discrimination/images_composite/peer/peer_58.jpg,4
/Users/kiriyamakeisuke/practiceTensorFlow/fruits_discrimination/images_composite/peer/peer_89.png,4
/Users/kiriyamakeisuke/practiceTensorFlow/fruits_discrimination/images_composite/peer/peer_169.jpg,4
/Users/kiriyamakeisuke/practiceTensorFlow/fruits_discrimination/images_composite/peer/peer_9.jpg,4
/Users/kiriyamakeisuke/practiceTensorFlow/fruits_discrimination/images_composite/peer/peer_7.jpg,4
/Users/kiriyamakeisuke/practiceTensorFlow/fruits_discrimination/images_composite/peer/peer_115.jpg,4
/Users/kiriyamakeisuke/practiceTensorFlow/fruits_discrimination/images_composite/peer/peer_5.jpg,4
/Users/kiriyamakeisuke/practiceTensorFlow/fruits_discrimination/images_composite/peer/peer_71.jpg,4
/Users/kiriyamakeisuke/practiceTensorFlow/fruits_discrimination/images_composite/peer/peer_103.jpg,4
/Users/kiriyamakeisuke/practiceTensorFlow/fruits_discrimination/images_composite/peer/peer_154.jpg,4
/Users/kiriyamakeisuke/practiceTensorFlow/fruits_discrimination/images_composite/peer/peer_42.jpg,4
/Users/kiriyamakeisuke/practiceTensorFlow/fruits_discrimination/images_composite/peer/peer_124.jpg,4
/Users/kiriyamakeisuke/practiceTensorFlow/fruits_discrimination/images_composite/peer/peer_132.jpg,4
/Users/kiriyamakeisuke/practiceTensorFlow/fruits_discrimination/images_composite/peer/peer_24.jpg,4
/Users/kiriyamakeisuke/practiceTensorFlow/fruits_discrimination/images_composite/peer/peer_86.jpg,4
/Users/kiriyamakeisuke/practiceTensorFlow/fruits_discrimination/images_composite/peer/peer_130.jpg,4
/Users/kiriyamakeisuke/practiceTensorFlow/fruits_discrimination/images_composite/peer/peer_120.jpg,4
/Users/kiriyamakeisuke/practiceTensorFlow/fruits_discrimination/images_composite/peer/peer_128.jpg,4
/Users/kiriyamakeisuke/practiceTensorFlow/fruits_discrimination/images_composite/peer/peer_26.jpg,4
/Users/kiriyamakeisuke/practiceTensorFlow/fruits_discrimination/images_composite/peer/peer_98.jpg,4
/Users/kiriyamakeisuke/practiceTensorFlow/fruits_discrimination/images_composite/peer/peer_96.jpg,4
/Users/kiriyamakeisuke/practiceTensorFlow/fruits_discrimination/images_composite/peer/peer_20.jpg,4
/Users/kiriyamakeisuke/practiceTensorFlow/fruits_discrimination/images_composite/peer/peer_30.jpg,4
/Users/kiriyamakeisuke/practiceTensorFlow/fruits_discrimination/images_composite/peer/peer_176.png,4
/Users/kiriyamakeisuke/practiceTensorFlow/fruits_discrimination/images_composite/peer/peer_162.jpg,4
/Users/kiriyamakeisuke/practiceTensorFlow/fruits_discrimination/images_composite/peer/peer_191.jpg,4
/Users/kiriyamakeisuke/practiceTensorFlow/fruits_discrimination/images_composite/peer/peer_87.jpg,4
/Users/kiriyamakeisuke/practiceTensorFlow/fruits_discrimination/images_composite/peer/peer_189.jpg,4
/Users/kiriyamakeisuke/practiceTensorFlow/fruits_discrimination/images_composite/peer/peer_139.jpg,4
/Users/kiriyamakeisuke/practiceTensorFlow/fruits_discrimination/images_composite/peer/peer_170.jpg,4
/Users/kiriyamakeisuke/practiceTensorFlow/fruits_discrimination/images_composite/peer/peer_28.jpg,4
/Users/kiriyamakeisuke/practiceTensorFlow/fruits_discrimination/images_composite/peer/peer_57.jpg,4
/Users/kiriyamakeisuke/practiceTensorFlow/fruits_discrimination/images_composite/peer/peer_69.jpg,4
/Users/kiriyamakeisuke/practiceTensorFlow/fruits_discrimination/images_composite/peer/peer_146.jpg,4
/Users/kiriyamakeisuke/practiceTensorFlow/fruits_discrimination/images_composite/peer/peer_88.jpg,4
/Users/kiriyamakeisuke/practiceTensorFlow/fruits_discrimination/images_composite/peer/peer_145.jpg,4
/Users/kiriyamakeisuke/practiceTensorFlow/fruits_discrimination/images_composite/peer/peer_181.jpg,4
/Users/kiriyamakeisuke/practiceTensorFlow/fruits_discrimination/images_composite/peer/peer_40.jpg,4
/Users/kiriyamakeisuke/practiceTensorFlow/fruits_discrimination/images_composite/peer/peer_72.jpg,4
/Users/kiriyamakeisuke/practiceTensorFlow/fruits_discrimination/images_composite/peer/peer_157.png,4
/Users/kiriyamakeisuke/practiceTensorFlow/fruits_discrimination/images_composite/peer/peer_49.jpg,4
/Users/kiriyamakeisuke/practiceTensorFlow/fruits_discrimination/images_composite/peer/peer_101.jpg,4
/Users/kiriyamakeisuke/practiceTensorFlow/fruits_discrimination/images_composite/peer/peer_25.jpg,4
/Users/kiriyamakeisuke/practiceTensorFlow/fruits_discrimination/images_composite/peer/peer_177.png,4
/Users/kiriyamakeisuke/practiceTensorFlow/fruits_discrimination/images_composite/peer/peer_188.jpg,4
