/Users/kiriyamakeisuke/practiceTensorFlow/fruits_discrimination/images/train_resize/banana_resize/banana_0.jpg,0
/Users/kiriyamakeisuke/practiceTensorFlow/fruits_discrimination/images/train_resize/banana_resize/banana_1.jpg,0
/Users/kiriyamakeisuke/practiceTensorFlow/fruits_discrimination/images/train_resize/banana_resize/banana_100.jpg,0
/Users/kiriyamakeisuke/practiceTensorFlow/fruits_discrimination/images/train_resize/banana_resize/banana_101.jpg,0
/Users/kiriyamakeisuke/practiceTensorFlow/fruits_discrimination/images/train_resize/banana_resize/banana_102.png,0
/Users/kiriyamakeisuke/practiceTensorFlow/fruits_discrimination/images/train_resize/banana_resize/banana_103.jpg,0
/Users/kiriyamakeisuke/practiceTensorFlow/fruits_discrimination/images/train_resize/banana_resize/banana_104.jpg,0
/Users/kiriyamakeisuke/practiceTensorFlow/fruits_discrimination/images/train_resize/banana_resize/banana_105.jpg,0
/Users/kiriyamakeisuke/practiceTensorFlow/fruits_discrimination/images/train_resize/banana_resize/banana_111.jpg,0
/Users/kiriyamakeisuke/practiceTensorFlow/fruits_discrimination/images/train_resize/banana_resize/banana_112.jpg,0
/Users/kiriyamakeisuke/practiceTensorFlow/fruits_discrimination/images/train_resize/banana_resize/banana_113.jpg,0
/Users/kiriyamakeisuke/practiceTensorFlow/fruits_discrimination/images/train_resize/banana_resize/banana_114.jpg,0
/Users/kiriyamakeisuke/practiceTensorFlow/fruits_discrimination/images/train_resize/banana_resize/banana_115.png,0
/Users/kiriyamakeisuke/practiceTensorFlow/fruits_discrimination/images/train_resize/banana_resize/banana_116.jpg,0
/Users/kiriyamakeisuke/practiceTensorFlow/fruits_discrimination/images/train_resize/banana_resize/banana_118.png,0
/Users/kiriyamakeisuke/practiceTensorFlow/fruits_discrimination/images/train_resize/banana_resize/banana_119.jpg,0
/Users/kiriyamakeisuke/practiceTensorFlow/fruits_discrimination/images/train_resize/banana_resize/banana_120.jpg,0
/Users/kiriyamakeisuke/practiceTensorFlow/fruits_discrimination/images/train_resize/banana_resize/banana_121.jpg,0
/Users/kiriyamakeisuke/practiceTensorFlow/fruits_discrimination/images/train_resize/banana_resize/banana_122.jpg,0
/Users/kiriyamakeisuke/practiceTensorFlow/fruits_discrimination/images/train_resize/banana_resize/banana_123.jpg,0
/Users/kiriyamakeisuke/practiceTensorFlow/fruits_discrimination/images/train_resize/banana_resize/banana_124.png,0
/Users/kiriyamakeisuke/practiceTensorFlow/fruits_discrimination/images/train_resize/banana_resize/banana_125.jpg,0
/Users/kiriyamakeisuke/practiceTensorFlow/fruits_discrimination/images/train_resize/banana_resize/banana_126.jpg,0
/Users/kiriyamakeisuke/practiceTensorFlow/fruits_discrimination/images/train_resize/banana_resize/banana_127.jpg,0
/Users/kiriyamakeisuke/practiceTensorFlow/fruits_discrimination/images/train_resize/banana_resize/banana_128.jpg,0
/Users/kiriyamakeisuke/practiceTensorFlow/fruits_discrimination/images/train_resize/banana_resize/banana_129.jpg,0
/Users/kiriyamakeisuke/practiceTensorFlow/fruits_discrimination/images/train_resize/banana_resize/banana_130.jpg,0
/Users/kiriyamakeisuke/practiceTensorFlow/fruits_discrimination/images/train_resize/banana_resize/banana_132.jpg,0
/Users/kiriyamakeisuke/practiceTensorFlow/fruits_discrimination/images/train_resize/banana_resize/banana_133.jpg,0
/Users/kiriyamakeisuke/practiceTensorFlow/fruits_discrimination/images/train_resize/banana_resize/banana_134.jpg,0
/Users/kiriyamakeisuke/practiceTensorFlow/fruits_discrimination/images/train_resize/banana_resize/banana_135.png,0
/Users/kiriyamakeisuke/practiceTensorFlow/fruits_discrimination/images/train_resize/banana_resize/banana_136.png,0
/Users/kiriyamakeisuke/practiceTensorFlow/fruits_discrimination/images/train_resize/banana_resize/banana_137.png,0
/Users/kiriyamakeisuke/practiceTensorFlow/fruits_discrimination/images/train_resize/banana_resize/banana_138.jpg,0
/Users/kiriyamakeisuke/practiceTensorFlow/fruits_discrimination/images/train_resize/banana_resize/banana_139.jpg,0
/Users/kiriyamakeisuke/practiceTensorFlow/fruits_discrimination/images/train_resize/banana_resize/banana_140.jpg,0
/Users/kiriyamakeisuke/practiceTensorFlow/fruits_discrimination/images/train_resize/banana_resize/banana_141.jpg,0
/Users/kiriyamakeisuke/practiceTensorFlow/fruits_discrimination/images/train_resize/banana_resize/banana_142.jpg,0
/Users/kiriyamakeisuke/practiceTensorFlow/fruits_discrimination/images/train_resize/banana_resize/banana_143.jpg,0
/Users/kiriyamakeisuke/practiceTensorFlow/fruits_discrimination/images/train_resize/banana_resize/banana_144.png,0
/Users/kiriyamakeisuke/practiceTensorFlow/fruits_discrimination/images/train_resize/banana_resize/banana_145.jpg,0
/Users/kiriyamakeisuke/practiceTensorFlow/fruits_discrimination/images/train_resize/banana_resize/banana_146.jpg,0
/Users/kiriyamakeisuke/practiceTensorFlow/fruits_discrimination/images/train_resize/banana_resize/banana_147.jpg,0
/Users/kiriyamakeisuke/practiceTensorFlow/fruits_discrimination/images/train_resize/banana_resize/banana_148.jpg,0
/Users/kiriyamakeisuke/practiceTensorFlow/fruits_discrimination/images/train_resize/banana_resize/banana_149.jpg,0
/Users/kiriyamakeisuke/practiceTensorFlow/fruits_discrimination/images/train_resize/banana_resize/banana_15.jpg,0
/Users/kiriyamakeisuke/practiceTensorFlow/fruits_discrimination/images/train_resize/banana_resize/banana_150.png,0
/Users/kiriyamakeisuke/practiceTensorFlow/fruits_discrimination/images/train_resize/banana_resize/banana_151.jpg,0
/Users/kiriyamakeisuke/practiceTensorFlow/fruits_discrimination/images/train_resize/banana_resize/banana_152.jpg,0
/Users/kiriyamakeisuke/practiceTensorFlow/fruits_discrimination/images/train_resize/banana_resize/banana_154.jpg,0
/Users/kiriyamakeisuke/practiceTensorFlow/fruits_discrimination/images/train_resize/banana_resize/banana_155.jpg,0
/Users/kiriyamakeisuke/practiceTensorFlow/fruits_discrimination/images/train_resize/banana_resize/banana_156.jpg,0
/Users/kiriyamakeisuke/practiceTensorFlow/fruits_discrimination/images/train_resize/banana_resize/banana_157.jpg,0
/Users/kiriyamakeisuke/practiceTensorFlow/fruits_discrimination/images/train_resize/banana_resize/banana_158.png,0
/Users/kiriyamakeisuke/practiceTensorFlow/fruits_discrimination/images/train_resize/banana_resize/banana_159.jpg,0
/Users/kiriyamakeisuke/practiceTensorFlow/fruits_discrimination/images/train_resize/banana_resize/banana_16.jpg,0
/Users/kiriyamakeisuke/practiceTensorFlow/fruits_discrimination/images/train_resize/banana_resize/banana_160.png,0
/Users/kiriyamakeisuke/practiceTensorFlow/fruits_discrimination/images/train_resize/banana_resize/banana_161.jpg,0
/Users/kiriyamakeisuke/practiceTensorFlow/fruits_discrimination/images/train_resize/banana_resize/banana_162.jpg,0
/Users/kiriyamakeisuke/practiceTensorFlow/fruits_discrimination/images/train_resize/banana_resize/banana_163.jpg,0
/Users/kiriyamakeisuke/practiceTensorFlow/fruits_discrimination/images/train_resize/banana_resize/banana_164.jpg,0
/Users/kiriyamakeisuke/practiceTensorFlow/fruits_discrimination/images/train_resize/banana_resize/banana_165.jpg,0
/Users/kiriyamakeisuke/practiceTensorFlow/fruits_discrimination/images/train_resize/banana_resize/banana_166.jpg,0
/Users/kiriyamakeisuke/practiceTensorFlow/fruits_discrimination/images/train_resize/banana_resize/banana_167.jpg,0
/Users/kiriyamakeisuke/practiceTensorFlow/fruits_discrimination/images/train_resize/banana_resize/banana_169.jpg,0
/Users/kiriyamakeisuke/practiceTensorFlow/fruits_discrimination/images/train_resize/banana_resize/banana_17.jpg,0
/Users/kiriyamakeisuke/practiceTensorFlow/fruits_discrimination/images/train_resize/banana_resize/banana_170.jpg,0
/Users/kiriyamakeisuke/practiceTensorFlow/fruits_discrimination/images/train_resize/banana_resize/banana_171.jpg,0
/Users/kiriyamakeisuke/practiceTensorFlow/fruits_discrimination/images/train_resize/banana_resize/banana_172.jpg,0
/Users/kiriyamakeisuke/practiceTensorFlow/fruits_discrimination/images/train_resize/banana_resize/banana_173.png,0
/Users/kiriyamakeisuke/practiceTensorFlow/fruits_discrimination/images/train_resize/banana_resize/banana_174.jpg,0
/Users/kiriyamakeisuke/practiceTensorFlow/fruits_discrimination/images/train_resize/banana_resize/banana_175.jpg,0
/Users/kiriyamakeisuke/practiceTensorFlow/fruits_discrimination/images/train_resize/banana_resize/banana_176.jpg,0
/Users/kiriyamakeisuke/practiceTensorFlow/fruits_discrimination/images/train_resize/banana_resize/banana_177.png,0
/Users/kiriyamakeisuke/practiceTensorFlow/fruits_discrimination/images/train_resize/banana_resize/banana_178.png,0
/Users/kiriyamakeisuke/practiceTensorFlow/fruits_discrimination/images/train_resize/banana_resize/banana_179.png,0
/Users/kiriyamakeisuke/practiceTensorFlow/fruits_discrimination/images/train_resize/banana_resize/banana_18.jpg,0
/Users/kiriyamakeisuke/practiceTensorFlow/fruits_discrimination/images/train_resize/banana_resize/banana_180.png,0
/Users/kiriyamakeisuke/practiceTensorFlow/fruits_discrimination/images/train_resize/banana_resize/banana_181.png,0
/Users/kiriyamakeisuke/practiceTensorFlow/fruits_discrimination/images/train_resize/banana_resize/banana_182.jpg,0
/Users/kiriyamakeisuke/practiceTensorFlow/fruits_discrimination/images/train_resize/banana_resize/banana_183.jpg,0
/Users/kiriyamakeisuke/practiceTensorFlow/fruits_discrimination/images/train_resize/banana_resize/banana_185.jpg,0
/Users/kiriyamakeisuke/practiceTensorFlow/fruits_discrimination/images/train_resize/banana_resize/banana_186.jpg,0
/Users/kiriyamakeisuke/practiceTensorFlow/fruits_discrimination/images/train_resize/banana_resize/banana_187.png,0
/Users/kiriyamakeisuke/practiceTensorFlow/fruits_discrimination/images/train_resize/banana_resize/banana_188.jpg,0
/Users/kiriyamakeisuke/practiceTensorFlow/fruits_discrimination/images/train_resize/banana_resize/banana_189.jpg,0
/Users/kiriyamakeisuke/practiceTensorFlow/fruits_discrimination/images/train_resize/banana_resize/banana_19.jpg,0
/Users/kiriyamakeisuke/practiceTensorFlow/fruits_discrimination/images/train_resize/banana_resize/banana_190.png,0
/Users/kiriyamakeisuke/practiceTensorFlow/fruits_discrimination/images/train_resize/banana_resize/banana_191.jpg,0
/Users/kiriyamakeisuke/practiceTensorFlow/fruits_discrimination/images/train_resize/banana_resize/banana_193.png,0
/Users/kiriyamakeisuke/practiceTensorFlow/fruits_discrimination/images/train_resize/banana_resize/banana_194.jpg,0
/Users/kiriyamakeisuke/practiceTensorFlow/fruits_discrimination/images/train_resize/banana_resize/banana_195.jpg,0
/Users/kiriyamakeisuke/practiceTensorFlow/fruits_discrimination/images/train_resize/banana_resize/banana_196.jpg,0
/Users/kiriyamakeisuke/practiceTensorFlow/fruits_discrimination/images/train_resize/banana_resize/banana_197.jpg,0
/Users/kiriyamakeisuke/practiceTensorFlow/fruits_discrimination/images/train_resize/banana_resize/banana_198.png,0
/Users/kiriyamakeisuke/practiceTensorFlow/fruits_discrimination/images/train_resize/banana_resize/banana_199.jpg,0
/Users/kiriyamakeisuke/practiceTensorFlow/fruits_discrimination/images/train_resize/banana_resize/banana_2.jpg,0
/Users/kiriyamakeisuke/practiceTensorFlow/fruits_discrimination/images/train_resize/banana_resize/banana_26.jpg,0
/Users/kiriyamakeisuke/practiceTensorFlow/fruits_discrimination/images/train_resize/banana_resize/banana_27.jpg,0
/Users/kiriyamakeisuke/practiceTensorFlow/fruits_discrimination/images/train_resize/banana_resize/banana_29.jpg,0
/Users/kiriyamakeisuke/practiceTensorFlow/fruits_discrimination/images/train_resize/banana_resize/banana_3.jpg,0
/Users/kiriyamakeisuke/practiceTensorFlow/fruits_discrimination/images/train_resize/banana_resize/banana_30.jpg,0
/Users/kiriyamakeisuke/practiceTensorFlow/fruits_discrimination/images/train_resize/banana_resize/banana_31.png,0
/Users/kiriyamakeisuke/practiceTensorFlow/fruits_discrimination/images/train_resize/banana_resize/banana_32.jpg,0
/Users/kiriyamakeisuke/practiceTensorFlow/fruits_discrimination/images/train_resize/banana_resize/banana_33.jpg,0
/Users/kiriyamakeisuke/practiceTensorFlow/fruits_discrimination/images/train_resize/banana_resize/banana_34.jpg,0
/Users/kiriyamakeisuke/practiceTensorFlow/fruits_discrimination/images/train_resize/banana_resize/banana_35.png,0
/Users/kiriyamakeisuke/practiceTensorFlow/fruits_discrimination/images/train_resize/banana_resize/banana_36.jpg,0
/Users/kiriyamakeisuke/practiceTensorFlow/fruits_discrimination/images/train_resize/banana_resize/banana_37.jpg,0
/Users/kiriyamakeisuke/practiceTensorFlow/fruits_discrimination/images/train_resize/banana_resize/banana_38.jpg,0
/Users/kiriyamakeisuke/practiceTensorFlow/fruits_discrimination/images/train_resize/banana_resize/banana_39.jpg,0
/Users/kiriyamakeisuke/practiceTensorFlow/fruits_discrimination/images/train_resize/banana_resize/banana_4.png,0
/Users/kiriyamakeisuke/practiceTensorFlow/fruits_discrimination/images/train_resize/banana_resize/banana_40.jpg,0
/Users/kiriyamakeisuke/practiceTensorFlow/fruits_discrimination/images/train_resize/banana_resize/banana_41.jpg,0
/Users/kiriyamakeisuke/practiceTensorFlow/fruits_discrimination/images/train_resize/banana_resize/banana_47.jpg,0
/Users/kiriyamakeisuke/practiceTensorFlow/fruits_discrimination/images/train_resize/banana_resize/banana_48.png,0
/Users/kiriyamakeisuke/practiceTensorFlow/fruits_discrimination/images/train_resize/banana_resize/banana_49.png,0
/Users/kiriyamakeisuke/practiceTensorFlow/fruits_discrimination/images/train_resize/banana_resize/banana_5.jpg,0
/Users/kiriyamakeisuke/practiceTensorFlow/fruits_discrimination/images/train_resize/banana_resize/banana_50.png,0
/Users/kiriyamakeisuke/practiceTensorFlow/fruits_discrimination/images/train_resize/banana_resize/banana_51.png,0
/Users/kiriyamakeisuke/practiceTensorFlow/fruits_discrimination/images/train_resize/banana_resize/banana_52.jpg,0
/Users/kiriyamakeisuke/practiceTensorFlow/fruits_discrimination/images/train_resize/banana_resize/banana_53.png,0
/Users/kiriyamakeisuke/practiceTensorFlow/fruits_discrimination/images/train_resize/banana_resize/banana_55.jpg,0
/Users/kiriyamakeisuke/practiceTensorFlow/fruits_discrimination/images/train_resize/banana_resize/banana_56.jpg,0
/Users/kiriyamakeisuke/practiceTensorFlow/fruits_discrimination/images/train_resize/banana_resize/banana_57.png,0
/Users/kiriyamakeisuke/practiceTensorFlow/fruits_discrimination/images/train_resize/banana_resize/banana_6.jpg,0
/Users/kiriyamakeisuke/practiceTensorFlow/fruits_discrimination/images/train_resize/banana_resize/banana_63.jpg,0
/Users/kiriyamakeisuke/practiceTensorFlow/fruits_discrimination/images/train_resize/banana_resize/banana_64.jpg,0
/Users/kiriyamakeisuke/practiceTensorFlow/fruits_discrimination/images/train_resize/banana_resize/banana_65.png,0
/Users/kiriyamakeisuke/practiceTensorFlow/fruits_discrimination/images/train_resize/banana_resize/banana_66.png,0
/Users/kiriyamakeisuke/practiceTensorFlow/fruits_discrimination/images/train_resize/banana_resize/banana_67.jpg,0
/Users/kiriyamakeisuke/practiceTensorFlow/fruits_discrimination/images/train_resize/banana_resize/banana_68.jpg,0
/Users/kiriyamakeisuke/practiceTensorFlow/fruits_discrimination/images/train_resize/banana_resize/banana_69.jpg,0
/Users/kiriyamakeisuke/practiceTensorFlow/fruits_discrimination/images/train_resize/banana_resize/banana_70.png,0
/Users/kiriyamakeisuke/practiceTensorFlow/fruits_discrimination/images/train_resize/banana_resize/banana_71.jpg,0
/Users/kiriyamakeisuke/practiceTensorFlow/fruits_discrimination/images/train_resize/banana_resize/banana_72.png,0
/Users/kiriyamakeisuke/practiceTensorFlow/fruits_discrimination/images/train_resize/banana_resize/banana_73.jpg,0
/Users/kiriyamakeisuke/practiceTensorFlow/fruits_discrimination/images/train_resize/banana_resize/banana_74.jpg,0
/Users/kiriyamakeisuke/practiceTensorFlow/fruits_discrimination/images/train_resize/banana_resize/banana_75.jpg,0
/Users/kiriyamakeisuke/practiceTensorFlow/fruits_discrimination/images/train_resize/banana_resize/banana_76.jpg,0
/Users/kiriyamakeisuke/practiceTensorFlow/fruits_discrimination/images/train_resize/banana_resize/banana_77.jpg,0
/Users/kiriyamakeisuke/practiceTensorFlow/fruits_discrimination/images/train_resize/banana_resize/banana_78.png,0
/Users/kiriyamakeisuke/practiceTensorFlow/fruits_discrimination/images/train_resize/banana_resize/banana_79.jpg,0
/Users/kiriyamakeisuke/practiceTensorFlow/fruits_discrimination/images/train_resize/banana_resize/banana_8.png,0
/Users/kiriyamakeisuke/practiceTensorFlow/fruits_discrimination/images/train_resize/banana_resize/banana_80.jpg,0
/Users/kiriyamakeisuke/practiceTensorFlow/fruits_discrimination/images/train_resize/banana_resize/banana_81.png,0
/Users/kiriyamakeisuke/practiceTensorFlow/fruits_discrimination/images/train_resize/banana_resize/banana_82.png,0
/Users/kiriyamakeisuke/practiceTensorFlow/fruits_discrimination/images/train_resize/banana_resize/banana_83.png,0
/Users/kiriyamakeisuke/practiceTensorFlow/fruits_discrimination/images/train_resize/banana_resize/banana_84.jpg,0
/Users/kiriyamakeisuke/practiceTensorFlow/fruits_discrimination/images/train_resize/banana_resize/banana_85.png,0
/Users/kiriyamakeisuke/practiceTensorFlow/fruits_discrimination/images/train_resize/banana_resize/banana_86.png,0
/Users/kiriyamakeisuke/practiceTensorFlow/fruits_discrimination/images/train_resize/banana_resize/banana_88.jpg,0
/Users/kiriyamakeisuke/practiceTensorFlow/fruits_discrimination/images/train_resize/banana_resize/banana_9.jpg,0
/Users/kiriyamakeisuke/practiceTensorFlow/fruits_discrimination/images/train_resize/banana_resize/banana_94.png,0
/Users/kiriyamakeisuke/practiceTensorFlow/fruits_discrimination/images/train_resize/banana_resize/banana_95.png,0
/Users/kiriyamakeisuke/practiceTensorFlow/fruits_discrimination/images/train_resize/banana_resize/banana_96.jpg,0
/Users/kiriyamakeisuke/practiceTensorFlow/fruits_discrimination/images/train_resize/banana_resize/banana_97.jpg,0
/Users/kiriyamakeisuke/practiceTensorFlow/fruits_discrimination/images/train_resize/corn_resize/corn_0.jpg,1
/Users/kiriyamakeisuke/practiceTensorFlow/fruits_discrimination/images/train_resize/corn_resize/corn_1.jpg,1
/Users/kiriyamakeisuke/practiceTensorFlow/fruits_discrimination/images/train_resize/corn_resize/corn_100.jpg,1
/Users/kiriyamakeisuke/practiceTensorFlow/fruits_discrimination/images/train_resize/corn_resize/corn_101.jpg,1
/Users/kiriyamakeisuke/practiceTensorFlow/fruits_discrimination/images/train_resize/corn_resize/corn_102.jpg,1
/Users/kiriyamakeisuke/practiceTensorFlow/fruits_discrimination/images/train_resize/corn_resize/corn_103.jpg,1
/Users/kiriyamakeisuke/practiceTensorFlow/fruits_discrimination/images/train_resize/corn_resize/corn_104.jpg,1
/Users/kiriyamakeisuke/practiceTensorFlow/fruits_discrimination/images/train_resize/corn_resize/corn_105.jpg,1
/Users/kiriyamakeisuke/practiceTensorFlow/fruits_discrimination/images/train_resize/corn_resize/corn_106.jpg,1
/Users/kiriyamakeisuke/practiceTensorFlow/fruits_discrimination/images/train_resize/corn_resize/corn_107.png,1
/Users/kiriyamakeisuke/practiceTensorFlow/fruits_discrimination/images/train_resize/corn_resize/corn_108.jpg,1
/Users/kiriyamakeisuke/practiceTensorFlow/fruits_discrimination/images/train_resize/corn_resize/corn_109.jpg,1
/Users/kiriyamakeisuke/practiceTensorFlow/fruits_discrimination/images/train_resize/corn_resize/corn_110.jpg,1
/Users/kiriyamakeisuke/practiceTensorFlow/fruits_discrimination/images/train_resize/corn_resize/corn_111.png,1
/Users/kiriyamakeisuke/practiceTensorFlow/fruits_discrimination/images/train_resize/corn_resize/corn_112.jpg,1
/Users/kiriyamakeisuke/practiceTensorFlow/fruits_discrimination/images/train_resize/corn_resize/corn_113.png,1
/Users/kiriyamakeisuke/practiceTensorFlow/fruits_discrimination/images/train_resize/corn_resize/corn_114.png,1
/Users/kiriyamakeisuke/practiceTensorFlow/fruits_discrimination/images/train_resize/corn_resize/corn_116.jpg,1
/Users/kiriyamakeisuke/practiceTensorFlow/fruits_discrimination/images/train_resize/corn_resize/corn_117.jpg,1
/Users/kiriyamakeisuke/practiceTensorFlow/fruits_discrimination/images/train_resize/corn_resize/corn_118.jpg,1
/Users/kiriyamakeisuke/practiceTensorFlow/fruits_discrimination/images/train_resize/corn_resize/corn_119.jpg,1
/Users/kiriyamakeisuke/practiceTensorFlow/fruits_discrimination/images/train_resize/corn_resize/corn_12.jpg,1
/Users/kiriyamakeisuke/practiceTensorFlow/fruits_discrimination/images/train_resize/corn_resize/corn_120.jpg,1
/Users/kiriyamakeisuke/practiceTensorFlow/fruits_discrimination/images/train_resize/corn_resize/corn_121.jpg,1
/Users/kiriyamakeisuke/practiceTensorFlow/fruits_discrimination/images/train_resize/corn_resize/corn_122.jpg,1
/Users/kiriyamakeisuke/practiceTensorFlow/fruits_discrimination/images/train_resize/corn_resize/corn_126.jpg,1
/Users/kiriyamakeisuke/practiceTensorFlow/fruits_discrimination/images/train_resize/corn_resize/corn_127.jpg,1
/Users/kiriyamakeisuke/practiceTensorFlow/fruits_discrimination/images/train_resize/corn_resize/corn_129.jpg,1
/Users/kiriyamakeisuke/practiceTensorFlow/fruits_discrimination/images/train_resize/corn_resize/corn_13.jpg,1
/Users/kiriyamakeisuke/practiceTensorFlow/fruits_discrimination/images/train_resize/corn_resize/corn_130.jpg,1
/Users/kiriyamakeisuke/practiceTensorFlow/fruits_discrimination/images/train_resize/corn_resize/corn_131.jpg,1
/Users/kiriyamakeisuke/practiceTensorFlow/fruits_discrimination/images/train_resize/corn_resize/corn_132.jpg,1
/Users/kiriyamakeisuke/practiceTensorFlow/fruits_discrimination/images/train_resize/corn_resize/corn_133.png,1
/Users/kiriyamakeisuke/practiceTensorFlow/fruits_discrimination/images/train_resize/corn_resize/corn_136.jpg,1
/Users/kiriyamakeisuke/practiceTensorFlow/fruits_discrimination/images/train_resize/corn_resize/corn_137.jpg,1
/Users/kiriyamakeisuke/practiceTensorFlow/fruits_discrimination/images/train_resize/corn_resize/corn_138.jpg,1
/Users/kiriyamakeisuke/practiceTensorFlow/fruits_discrimination/images/train_resize/corn_resize/corn_139.png,1
/Users/kiriyamakeisuke/practiceTensorFlow/fruits_discrimination/images/train_resize/corn_resize/corn_140.jpg,1
/Users/kiriyamakeisuke/practiceTensorFlow/fruits_discrimination/images/train_resize/corn_resize/corn_141.jpg,1
/Users/kiriyamakeisuke/practiceTensorFlow/fruits_discrimination/images/train_resize/corn_resize/corn_142.jpg,1
/Users/kiriyamakeisuke/practiceTensorFlow/fruits_discrimination/images/train_resize/corn_resize/corn_143.jpg,1
/Users/kiriyamakeisuke/practiceTensorFlow/fruits_discrimination/images/train_resize/corn_resize/corn_146.jpg,1
/Users/kiriyamakeisuke/practiceTensorFlow/fruits_discrimination/images/train_resize/corn_resize/corn_147.jpg,1
/Users/kiriyamakeisuke/practiceTensorFlow/fruits_discrimination/images/train_resize/corn_resize/corn_149.jpg,1
/Users/kiriyamakeisuke/practiceTensorFlow/fruits_discrimination/images/train_resize/corn_resize/corn_15.jpg,1
/Users/kiriyamakeisuke/practiceTensorFlow/fruits_discrimination/images/train_resize/corn_resize/corn_150.jpg,1
/Users/kiriyamakeisuke/practiceTensorFlow/fruits_discrimination/images/train_resize/corn_resize/corn_152.png,1
/Users/kiriyamakeisuke/practiceTensorFlow/fruits_discrimination/images/train_resize/corn_resize/corn_153.jpg,1
/Users/kiriyamakeisuke/practiceTensorFlow/fruits_discrimination/images/train_resize/corn_resize/corn_154.jpg,1
/Users/kiriyamakeisuke/practiceTensorFlow/fruits_discrimination/images/train_resize/corn_resize/corn_155.jpg,1
/Users/kiriyamakeisuke/practiceTensorFlow/fruits_discrimination/images/train_resize/corn_resize/corn_156.jpg,1
/Users/kiriyamakeisuke/practiceTensorFlow/fruits_discrimination/images/train_resize/corn_resize/corn_157.jpg,1
/Users/kiriyamakeisuke/practiceTensorFlow/fruits_discrimination/images/train_resize/corn_resize/corn_158.jpg,1
/Users/kiriyamakeisuke/practiceTensorFlow/fruits_discrimination/images/train_resize/corn_resize/corn_159.png,1
/Users/kiriyamakeisuke/practiceTensorFlow/fruits_discrimination/images/train_resize/corn_resize/corn_16.jpg,1
/Users/kiriyamakeisuke/practiceTensorFlow/fruits_discrimination/images/train_resize/corn_resize/corn_160.png,1
/Users/kiriyamakeisuke/practiceTensorFlow/fruits_discrimination/images/train_resize/corn_resize/corn_163.jpg,1
/Users/kiriyamakeisuke/practiceTensorFlow/fruits_discrimination/images/train_resize/corn_resize/corn_164.jpg,1
/Users/kiriyamakeisuke/practiceTensorFlow/fruits_discrimination/images/train_resize/corn_resize/corn_165.jpg,1
/Users/kiriyamakeisuke/practiceTensorFlow/fruits_discrimination/images/train_resize/corn_resize/corn_168.jpg,1
/Users/kiriyamakeisuke/practiceTensorFlow/fruits_discrimination/images/train_resize/corn_resize/corn_169.jpg,1
/Users/kiriyamakeisuke/practiceTensorFlow/fruits_discrimination/images/train_resize/corn_resize/corn_17.jpg,1
/Users/kiriyamakeisuke/practiceTensorFlow/fruits_discrimination/images/train_resize/corn_resize/corn_170.jpg,1
/Users/kiriyamakeisuke/practiceTensorFlow/fruits_discrimination/images/train_resize/corn_resize/corn_171.jpg,1
/Users/kiriyamakeisuke/practiceTensorFlow/fruits_discrimination/images/train_resize/corn_resize/corn_172.jpg,1
/Users/kiriyamakeisuke/practiceTensorFlow/fruits_discrimination/images/train_resize/corn_resize/corn_173.jpg,1
/Users/kiriyamakeisuke/practiceTensorFlow/fruits_discrimination/images/train_resize/corn_resize/corn_174.jpg,1
/Users/kiriyamakeisuke/practiceTensorFlow/fruits_discrimination/images/train_resize/corn_resize/corn_175.jpg,1
/Users/kiriyamakeisuke/practiceTensorFlow/fruits_discrimination/images/train_resize/corn_resize/corn_176.jpg,1
/Users/kiriyamakeisuke/practiceTensorFlow/fruits_discrimination/images/train_resize/corn_resize/corn_177.png,1
/Users/kiriyamakeisuke/practiceTensorFlow/fruits_discrimination/images/train_resize/corn_resize/corn_179.jpg,1
/Users/kiriyamakeisuke/practiceTensorFlow/fruits_discrimination/images/train_resize/corn_resize/corn_182.jpg,1
/Users/kiriyamakeisuke/practiceTensorFlow/fruits_discrimination/images/train_resize/corn_resize/corn_184.jpg,1
/Users/kiriyamakeisuke/practiceTensorFlow/fruits_discrimination/images/train_resize/corn_resize/corn_186.jpg,1
/Users/kiriyamakeisuke/practiceTensorFlow/fruits_discrimination/images/train_resize/corn_resize/corn_188.jpg,1
/Users/kiriyamakeisuke/practiceTensorFlow/fruits_discrimination/images/train_resize/corn_resize/corn_189.jpg,1
/Users/kiriyamakeisuke/practiceTensorFlow/fruits_discrimination/images/train_resize/corn_resize/corn_190.jpg,1
/Users/kiriyamakeisuke/practiceTensorFlow/fruits_discrimination/images/train_resize/corn_resize/corn_191.jpg,1
/Users/kiriyamakeisuke/practiceTensorFlow/fruits_discrimination/images/train_resize/corn_resize/corn_192.jpg,1
/Users/kiriyamakeisuke/practiceTensorFlow/fruits_discrimination/images/train_resize/corn_resize/corn_194.jpg,1
/Users/kiriyamakeisuke/practiceTensorFlow/fruits_discrimination/images/train_resize/corn_resize/corn_196.jpg,1
/Users/kiriyamakeisuke/practiceTensorFlow/fruits_discrimination/images/train_resize/corn_resize/corn_2.jpg,1
/Users/kiriyamakeisuke/practiceTensorFlow/fruits_discrimination/images/train_resize/corn_resize/corn_20.jpg,1
/Users/kiriyamakeisuke/practiceTensorFlow/fruits_discrimination/images/train_resize/corn_resize/corn_21.jpg,1
/Users/kiriyamakeisuke/practiceTensorFlow/fruits_discrimination/images/train_resize/corn_resize/corn_22.jpg,1
/Users/kiriyamakeisuke/practiceTensorFlow/fruits_discrimination/images/train_resize/corn_resize/corn_23.jpg,1
/Users/kiriyamakeisuke/practiceTensorFlow/fruits_discrimination/images/train_resize/corn_resize/corn_25.jpg,1
/Users/kiriyamakeisuke/practiceTensorFlow/fruits_discrimination/images/train_resize/corn_resize/corn_26.jpg,1
/Users/kiriyamakeisuke/practiceTensorFlow/fruits_discrimination/images/train_resize/corn_resize/corn_27.jpg,1
/Users/kiriyamakeisuke/practiceTensorFlow/fruits_discrimination/images/train_resize/corn_resize/corn_28.jpg,1
/Users/kiriyamakeisuke/practiceTensorFlow/fruits_discrimination/images/train_resize/corn_resize/corn_32.jpg,1
/Users/kiriyamakeisuke/practiceTensorFlow/fruits_discrimination/images/train_resize/corn_resize/corn_33.jpg,1
/Users/kiriyamakeisuke/practiceTensorFlow/fruits_discrimination/images/train_resize/corn_resize/corn_34.jpg,1
/Users/kiriyamakeisuke/practiceTensorFlow/fruits_discrimination/images/train_resize/corn_resize/corn_35.jpg,1
/Users/kiriyamakeisuke/practiceTensorFlow/fruits_discrimination/images/train_resize/corn_resize/corn_36.jpg,1
/Users/kiriyamakeisuke/practiceTensorFlow/fruits_discrimination/images/train_resize/corn_resize/corn_37.png,1
/Users/kiriyamakeisuke/practiceTensorFlow/fruits_discrimination/images/train_resize/corn_resize/corn_38.jpg,1
/Users/kiriyamakeisuke/practiceTensorFlow/fruits_discrimination/images/train_resize/corn_resize/corn_39.jpg,1
/Users/kiriyamakeisuke/practiceTensorFlow/fruits_discrimination/images/train_resize/corn_resize/corn_40.png,1
/Users/kiriyamakeisuke/practiceTensorFlow/fruits_discrimination/images/train_resize/corn_resize/corn_41.jpg,1
/Users/kiriyamakeisuke/practiceTensorFlow/fruits_discrimination/images/train_resize/corn_resize/corn_42.jpg,1
/Users/kiriyamakeisuke/practiceTensorFlow/fruits_discrimination/images/train_resize/corn_resize/corn_45.png,1
/Users/kiriyamakeisuke/practiceTensorFlow/fruits_discrimination/images/train_resize/corn_resize/corn_46.jpg,1
/Users/kiriyamakeisuke/practiceTensorFlow/fruits_discrimination/images/train_resize/corn_resize/corn_47.jpg,1
/Users/kiriyamakeisuke/practiceTensorFlow/fruits_discrimination/images/train_resize/corn_resize/corn_48.jpg,1
/Users/kiriyamakeisuke/practiceTensorFlow/fruits_discrimination/images/train_resize/corn_resize/corn_49.jpg,1
/Users/kiriyamakeisuke/practiceTensorFlow/fruits_discrimination/images/train_resize/corn_resize/corn_5.jpg,1
/Users/kiriyamakeisuke/practiceTensorFlow/fruits_discrimination/images/train_resize/corn_resize/corn_50.jpg,1
/Users/kiriyamakeisuke/practiceTensorFlow/fruits_discrimination/images/train_resize/corn_resize/corn_52.jpg,1
/Users/kiriyamakeisuke/practiceTensorFlow/fruits_discrimination/images/train_resize/corn_resize/corn_54.jpg,1
/Users/kiriyamakeisuke/practiceTensorFlow/fruits_discrimination/images/train_resize/corn_resize/corn_55.png,1
/Users/kiriyamakeisuke/practiceTensorFlow/fruits_discrimination/images/train_resize/corn_resize/corn_56.jpg,1
/Users/kiriyamakeisuke/practiceTensorFlow/fruits_discrimination/images/train_resize/corn_resize/corn_57.jpg,1
/Users/kiriyamakeisuke/practiceTensorFlow/fruits_discrimination/images/train_resize/corn_resize/corn_58.jpg,1
/Users/kiriyamakeisuke/practiceTensorFlow/fruits_discrimination/images/train_resize/corn_resize/corn_59.jpg,1
/Users/kiriyamakeisuke/practiceTensorFlow/fruits_discrimination/images/train_resize/corn_resize/corn_6.jpg,1
/Users/kiriyamakeisuke/practiceTensorFlow/fruits_discrimination/images/train_resize/corn_resize/corn_60.jpg,1
/Users/kiriyamakeisuke/practiceTensorFlow/fruits_discrimination/images/train_resize/corn_resize/corn_61.jpg,1
/Users/kiriyamakeisuke/practiceTensorFlow/fruits_discrimination/images/train_resize/corn_resize/corn_62.jpg,1
/Users/kiriyamakeisuke/practiceTensorFlow/fruits_discrimination/images/train_resize/corn_resize/corn_63.png,1
/Users/kiriyamakeisuke/practiceTensorFlow/fruits_discrimination/images/train_resize/corn_resize/corn_64.jpg,1
/Users/kiriyamakeisuke/practiceTensorFlow/fruits_discrimination/images/train_resize/corn_resize/corn_65.jpg,1
/Users/kiriyamakeisuke/practiceTensorFlow/fruits_discrimination/images/train_resize/corn_resize/corn_66.jpg,1
/Users/kiriyamakeisuke/practiceTensorFlow/fruits_discrimination/images/train_resize/corn_resize/corn_70.jpg,1
/Users/kiriyamakeisuke/practiceTensorFlow/fruits_discrimination/images/train_resize/corn_resize/corn_71.png,1
/Users/kiriyamakeisuke/practiceTensorFlow/fruits_discrimination/images/train_resize/corn_resize/corn_73.jpg,1
/Users/kiriyamakeisuke/practiceTensorFlow/fruits_discrimination/images/train_resize/corn_resize/corn_74.jpg,1
/Users/kiriyamakeisuke/practiceTensorFlow/fruits_discrimination/images/train_resize/corn_resize/corn_76.jpg,1
/Users/kiriyamakeisuke/practiceTensorFlow/fruits_discrimination/images/train_resize/corn_resize/corn_77.jpg,1
/Users/kiriyamakeisuke/practiceTensorFlow/fruits_discrimination/images/train_resize/corn_resize/corn_78.jpg,1
/Users/kiriyamakeisuke/practiceTensorFlow/fruits_discrimination/images/train_resize/corn_resize/corn_79.jpg,1
/Users/kiriyamakeisuke/practiceTensorFlow/fruits_discrimination/images/train_resize/corn_resize/corn_82.jpg,1
/Users/kiriyamakeisuke/practiceTensorFlow/fruits_discrimination/images/train_resize/corn_resize/corn_84.jpg,1
/Users/kiriyamakeisuke/practiceTensorFlow/fruits_discrimination/images/train_resize/corn_resize/corn_85.jpg,1
/Users/kiriyamakeisuke/practiceTensorFlow/fruits_discrimination/images/train_resize/corn_resize/corn_87.jpg,1
/Users/kiriyamakeisuke/practiceTensorFlow/fruits_discrimination/images/train_resize/corn_resize/corn_88.jpg,1
/Users/kiriyamakeisuke/practiceTensorFlow/fruits_discrimination/images/train_resize/corn_resize/corn_89.jpg,1
/Users/kiriyamakeisuke/practiceTensorFlow/fruits_discrimination/images/train_resize/corn_resize/corn_90.jpg,1
/Users/kiriyamakeisuke/practiceTensorFlow/fruits_discrimination/images/train_resize/corn_resize/corn_91.jpg,1
/Users/kiriyamakeisuke/practiceTensorFlow/fruits_discrimination/images/train_resize/corn_resize/corn_92.jpg,1
/Users/kiriyamakeisuke/practiceTensorFlow/fruits_discrimination/images/train_resize/corn_resize/corn_93.jpg,1
/Users/kiriyamakeisuke/practiceTensorFlow/fruits_discrimination/images/train_resize/corn_resize/corn_94.jpg,1
/Users/kiriyamakeisuke/practiceTensorFlow/fruits_discrimination/images/train_resize/corn_resize/corn_97.jpg,1
/Users/kiriyamakeisuke/practiceTensorFlow/fruits_discrimination/images/train_resize/corn_resize/corn_98.jpg,1
/Users/kiriyamakeisuke/practiceTensorFlow/fruits_discrimination/images/train_resize/corn_resize/corn_99.png,1
/Users/kiriyamakeisuke/practiceTensorFlow/fruits_discrimination/images/train_resize/greengrape_resize/greengrape_1.jpg,2
/Users/kiriyamakeisuke/practiceTensorFlow/fruits_discrimination/images/train_resize/greengrape_resize/greengrape_10.jpg,2
/Users/kiriyamakeisuke/practiceTensorFlow/fruits_discrimination/images/train_resize/greengrape_resize/greengrape_100.jpg,2
/Users/kiriyamakeisuke/practiceTensorFlow/fruits_discrimination/images/train_resize/greengrape_resize/greengrape_103.jpg,2
/Users/kiriyamakeisuke/practiceTensorFlow/fruits_discrimination/images/train_resize/greengrape_resize/greengrape_104.jpg,2
/Users/kiriyamakeisuke/practiceTensorFlow/fruits_discrimination/images/train_resize/greengrape_resize/greengrape_105.jpg,2
/Users/kiriyamakeisuke/practiceTensorFlow/fruits_discrimination/images/train_resize/greengrape_resize/greengrape_106.jpg,2
/Users/kiriyamakeisuke/practiceTensorFlow/fruits_discrimination/images/train_resize/greengrape_resize/greengrape_107.jpg,2
/Users/kiriyamakeisuke/practiceTensorFlow/fruits_discrimination/images/train_resize/greengrape_resize/greengrape_108.jpg,2
/Users/kiriyamakeisuke/practiceTensorFlow/fruits_discrimination/images/train_resize/greengrape_resize/greengrape_109.jpg,2
/Users/kiriyamakeisuke/practiceTensorFlow/fruits_discrimination/images/train_resize/greengrape_resize/greengrape_11.jpg,2
/Users/kiriyamakeisuke/practiceTensorFlow/fruits_discrimination/images/train_resize/greengrape_resize/greengrape_110.jpg,2
/Users/kiriyamakeisuke/practiceTensorFlow/fruits_discrimination/images/train_resize/greengrape_resize/greengrape_112.jpg,2
/Users/kiriyamakeisuke/practiceTensorFlow/fruits_discrimination/images/train_resize/greengrape_resize/greengrape_113.png,2
/Users/kiriyamakeisuke/practiceTensorFlow/fruits_discrimination/images/train_resize/greengrape_resize/greengrape_114.jpg,2
/Users/kiriyamakeisuke/practiceTensorFlow/fruits_discrimination/images/train_resize/greengrape_resize/greengrape_115.jpg,2
/Users/kiriyamakeisuke/practiceTensorFlow/fruits_discrimination/images/train_resize/greengrape_resize/greengrape_116.jpg,2
/Users/kiriyamakeisuke/practiceTensorFlow/fruits_discrimination/images/train_resize/greengrape_resize/greengrape_117.jpg,2
/Users/kiriyamakeisuke/practiceTensorFlow/fruits_discrimination/images/train_resize/greengrape_resize/greengrape_119.jpg,2
/Users/kiriyamakeisuke/practiceTensorFlow/fruits_discrimination/images/train_resize/greengrape_resize/greengrape_120.jpg,2
/Users/kiriyamakeisuke/practiceTensorFlow/fruits_discrimination/images/train_resize/greengrape_resize/greengrape_121.jpg,2
/Users/kiriyamakeisuke/practiceTensorFlow/fruits_discrimination/images/train_resize/greengrape_resize/greengrape_122.png,2
/Users/kiriyamakeisuke/practiceTensorFlow/fruits_discrimination/images/train_resize/greengrape_resize/greengrape_123.jpg,2
/Users/kiriyamakeisuke/practiceTensorFlow/fruits_discrimination/images/train_resize/greengrape_resize/greengrape_124.jpg,2
/Users/kiriyamakeisuke/practiceTensorFlow/fruits_discrimination/images/train_resize/greengrape_resize/greengrape_125.jpg,2
/Users/kiriyamakeisuke/practiceTensorFlow/fruits_discrimination/images/train_resize/greengrape_resize/greengrape_126.jpg,2
/Users/kiriyamakeisuke/practiceTensorFlow/fruits_discrimination/images/train_resize/greengrape_resize/greengrape_127.png,2
/Users/kiriyamakeisuke/practiceTensorFlow/fruits_discrimination/images/train_resize/greengrape_resize/greengrape_128.jpg,2
/Users/kiriyamakeisuke/practiceTensorFlow/fruits_discrimination/images/train_resize/greengrape_resize/greengrape_129.jpg,2
/Users/kiriyamakeisuke/practiceTensorFlow/fruits_discrimination/images/train_resize/greengrape_resize/greengrape_13.jpg,2
/Users/kiriyamakeisuke/practiceTensorFlow/fruits_discrimination/images/train_resize/greengrape_resize/greengrape_132.jpg,2
/Users/kiriyamakeisuke/practiceTensorFlow/fruits_discrimination/images/train_resize/greengrape_resize/greengrape_133.jpg,2
/Users/kiriyamakeisuke/practiceTensorFlow/fruits_discrimination/images/train_resize/greengrape_resize/greengrape_135.jpg,2
/Users/kiriyamakeisuke/practiceTensorFlow/fruits_discrimination/images/train_resize/greengrape_resize/greengrape_137.jpg,2
/Users/kiriyamakeisuke/practiceTensorFlow/fruits_discrimination/images/train_resize/greengrape_resize/greengrape_138.jpg,2
/Users/kiriyamakeisuke/practiceTensorFlow/fruits_discrimination/images/train_resize/greengrape_resize/greengrape_139.jpg,2
/Users/kiriyamakeisuke/practiceTensorFlow/fruits_discrimination/images/train_resize/greengrape_resize/greengrape_14.jpg,2
/Users/kiriyamakeisuke/practiceTensorFlow/fruits_discrimination/images/train_resize/greengrape_resize/greengrape_141.jpg,2
/Users/kiriyamakeisuke/practiceTensorFlow/fruits_discrimination/images/train_resize/greengrape_resize/greengrape_144.jpg,2
/Users/kiriyamakeisuke/practiceTensorFlow/fruits_discrimination/images/train_resize/greengrape_resize/greengrape_145.jpg,2
/Users/kiriyamakeisuke/practiceTensorFlow/fruits_discrimination/images/train_resize/greengrape_resize/greengrape_146.jpg,2
/Users/kiriyamakeisuke/practiceTensorFlow/fruits_discrimination/images/train_resize/greengrape_resize/greengrape_147.jpg,2
/Users/kiriyamakeisuke/practiceTensorFlow/fruits_discrimination/images/train_resize/greengrape_resize/greengrape_148.jpg,2
/Users/kiriyamakeisuke/practiceTensorFlow/fruits_discrimination/images/train_resize/greengrape_resize/greengrape_15.png,2
/Users/kiriyamakeisuke/practiceTensorFlow/fruits_discrimination/images/train_resize/greengrape_resize/greengrape_150.jpg,2
/Users/kiriyamakeisuke/practiceTensorFlow/fruits_discrimination/images/train_resize/greengrape_resize/greengrape_151.jpg,2
/Users/kiriyamakeisuke/practiceTensorFlow/fruits_discrimination/images/train_resize/greengrape_resize/greengrape_152.jpg,2
/Users/kiriyamakeisuke/practiceTensorFlow/fruits_discrimination/images/train_resize/greengrape_resize/greengrape_154.jpg,2
/Users/kiriyamakeisuke/practiceTensorFlow/fruits_discrimination/images/train_resize/greengrape_resize/greengrape_156.jpg,2
/Users/kiriyamakeisuke/practiceTensorFlow/fruits_discrimination/images/train_resize/greengrape_resize/greengrape_157.jpg,2
/Users/kiriyamakeisuke/practiceTensorFlow/fruits_discrimination/images/train_resize/greengrape_resize/greengrape_158.jpg,2
/Users/kiriyamakeisuke/practiceTensorFlow/fruits_discrimination/images/train_resize/greengrape_resize/greengrape_16.jpg,2
/Users/kiriyamakeisuke/practiceTensorFlow/fruits_discrimination/images/train_resize/greengrape_resize/greengrape_160.jpg,2
/Users/kiriyamakeisuke/practiceTensorFlow/fruits_discrimination/images/train_resize/greengrape_resize/greengrape_161.jpg,2
/Users/kiriyamakeisuke/practiceTensorFlow/fruits_discrimination/images/train_resize/greengrape_resize/greengrape_162.jpg,2
/Users/kiriyamakeisuke/practiceTensorFlow/fruits_discrimination/images/train_resize/greengrape_resize/greengrape_163.jpg,2
/Users/kiriyamakeisuke/practiceTensorFlow/fruits_discrimination/images/train_resize/greengrape_resize/greengrape_165.jpg,2
/Users/kiriyamakeisuke/practiceTensorFlow/fruits_discrimination/images/train_resize/greengrape_resize/greengrape_166.jpg,2
/Users/kiriyamakeisuke/practiceTensorFlow/fruits_discrimination/images/train_resize/greengrape_resize/greengrape_167.jpg,2
/Users/kiriyamakeisuke/practiceTensorFlow/fruits_discrimination/images/train_resize/greengrape_resize/greengrape_170.png,2
/Users/kiriyamakeisuke/practiceTensorFlow/fruits_discrimination/images/train_resize/greengrape_resize/greengrape_171.jpg,2
/Users/kiriyamakeisuke/practiceTensorFlow/fruits_discrimination/images/train_resize/greengrape_resize/greengrape_172.png,2
/Users/kiriyamakeisuke/practiceTensorFlow/fruits_discrimination/images/train_resize/greengrape_resize/greengrape_173.jpg,2
/Users/kiriyamakeisuke/practiceTensorFlow/fruits_discrimination/images/train_resize/greengrape_resize/greengrape_174.png,2
/Users/kiriyamakeisuke/practiceTensorFlow/fruits_discrimination/images/train_resize/greengrape_resize/greengrape_175.jpg,2
/Users/kiriyamakeisuke/practiceTensorFlow/fruits_discrimination/images/train_resize/greengrape_resize/greengrape_176.jpg,2
/Users/kiriyamakeisuke/practiceTensorFlow/fruits_discrimination/images/train_resize/greengrape_resize/greengrape_177.jpg,2
/Users/kiriyamakeisuke/practiceTensorFlow/fruits_discrimination/images/train_resize/greengrape_resize/greengrape_178.jpg,2
/Users/kiriyamakeisuke/practiceTensorFlow/fruits_discrimination/images/train_resize/greengrape_resize/greengrape_179.jpg,2
/Users/kiriyamakeisuke/practiceTensorFlow/fruits_discrimination/images/train_resize/greengrape_resize/greengrape_18.png,2
/Users/kiriyamakeisuke/practiceTensorFlow/fruits_discrimination/images/train_resize/greengrape_resize/greengrape_181.jpg,2
/Users/kiriyamakeisuke/practiceTensorFlow/fruits_discrimination/images/train_resize/greengrape_resize/greengrape_183.jpg,2
/Users/kiriyamakeisuke/practiceTensorFlow/fruits_discrimination/images/train_resize/greengrape_resize/greengrape_186.jpg,2
/Users/kiriyamakeisuke/practiceTensorFlow/fruits_discrimination/images/train_resize/greengrape_resize/greengrape_187.jpg,2
/Users/kiriyamakeisuke/practiceTensorFlow/fruits_discrimination/images/train_resize/greengrape_resize/greengrape_188.jpg,2
/Users/kiriyamakeisuke/practiceTensorFlow/fruits_discrimination/images/train_resize/greengrape_resize/greengrape_189.jpg,2
/Users/kiriyamakeisuke/practiceTensorFlow/fruits_discrimination/images/train_resize/greengrape_resize/greengrape_191.jpg,2
/Users/kiriyamakeisuke/practiceTensorFlow/fruits_discrimination/images/train_resize/greengrape_resize/greengrape_192.jpg,2
/Users/kiriyamakeisuke/practiceTensorFlow/fruits_discrimination/images/train_resize/greengrape_resize/greengrape_193.jpg,2
/Users/kiriyamakeisuke/practiceTensorFlow/fruits_discrimination/images/train_resize/greengrape_resize/greengrape_194.jpg,2
/Users/kiriyamakeisuke/practiceTensorFlow/fruits_discrimination/images/train_resize/greengrape_resize/greengrape_195.jpg,2
/Users/kiriyamakeisuke/practiceTensorFlow/fruits_discrimination/images/train_resize/greengrape_resize/greengrape_196.jpg,2
/Users/kiriyamakeisuke/practiceTensorFlow/fruits_discrimination/images/train_resize/greengrape_resize/greengrape_197.jpg,2
/Users/kiriyamakeisuke/practiceTensorFlow/fruits_discrimination/images/train_resize/greengrape_resize/greengrape_198.jpg,2
/Users/kiriyamakeisuke/practiceTensorFlow/fruits_discrimination/images/train_resize/greengrape_resize/greengrape_2.jpg,2
/Users/kiriyamakeisuke/practiceTensorFlow/fruits_discrimination/images/train_resize/greengrape_resize/greengrape_22.jpg,2
/Users/kiriyamakeisuke/practiceTensorFlow/fruits_discrimination/images/train_resize/greengrape_resize/greengrape_25.jpg,2
/Users/kiriyamakeisuke/practiceTensorFlow/fruits_discrimination/images/train_resize/greengrape_resize/greengrape_26.jpg,2
/Users/kiriyamakeisuke/practiceTensorFlow/fruits_discrimination/images/train_resize/greengrape_resize/greengrape_27.jpg,2
/Users/kiriyamakeisuke/practiceTensorFlow/fruits_discrimination/images/train_resize/greengrape_resize/greengrape_3.jpg,2
/Users/kiriyamakeisuke/practiceTensorFlow/fruits_discrimination/images/train_resize/greengrape_resize/greengrape_31.jpg,2
/Users/kiriyamakeisuke/practiceTensorFlow/fruits_discrimination/images/train_resize/greengrape_resize/greengrape_32.jpg,2
/Users/kiriyamakeisuke/practiceTensorFlow/fruits_discrimination/images/train_resize/greengrape_resize/greengrape_33.jpg,2
/Users/kiriyamakeisuke/practiceTensorFlow/fruits_discrimination/images/train_resize/greengrape_resize/greengrape_35.jpg,2
/Users/kiriyamakeisuke/practiceTensorFlow/fruits_discrimination/images/train_resize/greengrape_resize/greengrape_38.jpg,2
/Users/kiriyamakeisuke/practiceTensorFlow/fruits_discrimination/images/train_resize/greengrape_resize/greengrape_39.jpg,2
/Users/kiriyamakeisuke/practiceTensorFlow/fruits_discrimination/images/train_resize/greengrape_resize/greengrape_4.png,2
/Users/kiriyamakeisuke/practiceTensorFlow/fruits_discrimination/images/train_resize/greengrape_resize/greengrape_40.jpg,2
/Users/kiriyamakeisuke/practiceTensorFlow/fruits_discrimination/images/train_resize/greengrape_resize/greengrape_42.jpg,2
/Users/kiriyamakeisuke/practiceTensorFlow/fruits_discrimination/images/train_resize/greengrape_resize/greengrape_49.jpg,2
/Users/kiriyamakeisuke/practiceTensorFlow/fruits_discrimination/images/train_resize/greengrape_resize/greengrape_5.jpg,2
/Users/kiriyamakeisuke/practiceTensorFlow/fruits_discrimination/images/train_resize/greengrape_resize/greengrape_50.jpg,2
/Users/kiriyamakeisuke/practiceTensorFlow/fruits_discrimination/images/train_resize/greengrape_resize/greengrape_51.jpg,2
/Users/kiriyamakeisuke/practiceTensorFlow/fruits_discrimination/images/train_resize/greengrape_resize/greengrape_52.jpg,2
/Users/kiriyamakeisuke/practiceTensorFlow/fruits_discrimination/images/train_resize/greengrape_resize/greengrape_53.jpg,2
/Users/kiriyamakeisuke/practiceTensorFlow/fruits_discrimination/images/train_resize/greengrape_resize/greengrape_54.jpg,2
/Users/kiriyamakeisuke/practiceTensorFlow/fruits_discrimination/images/train_resize/greengrape_resize/greengrape_59.jpg,2
/Users/kiriyamakeisuke/practiceTensorFlow/fruits_discrimination/images/train_resize/greengrape_resize/greengrape_61.jpg,2
/Users/kiriyamakeisuke/practiceTensorFlow/fruits_discrimination/images/train_resize/greengrape_resize/greengrape_63.jpg,2
/Users/kiriyamakeisuke/practiceTensorFlow/fruits_discrimination/images/train_resize/greengrape_resize/greengrape_65.jpg,2
/Users/kiriyamakeisuke/practiceTensorFlow/fruits_discrimination/images/train_resize/greengrape_resize/greengrape_67.jpg,2
/Users/kiriyamakeisuke/practiceTensorFlow/fruits_discrimination/images/train_resize/greengrape_resize/greengrape_68.jpg,2
/Users/kiriyamakeisuke/practiceTensorFlow/fruits_discrimination/images/train_resize/greengrape_resize/greengrape_7.jpg,2
/Users/kiriyamakeisuke/practiceTensorFlow/fruits_discrimination/images/train_resize/greengrape_resize/greengrape_72.jpg,2
/Users/kiriyamakeisuke/practiceTensorFlow/fruits_discrimination/images/train_resize/greengrape_resize/greengrape_77.jpg,2
/Users/kiriyamakeisuke/practiceTensorFlow/fruits_discrimination/images/train_resize/greengrape_resize/greengrape_79.jpg,2
/Users/kiriyamakeisuke/practiceTensorFlow/fruits_discrimination/images/train_resize/greengrape_resize/greengrape_8.jpg,2
/Users/kiriyamakeisuke/practiceTensorFlow/fruits_discrimination/images/train_resize/greengrape_resize/greengrape_80.jpg,2
/Users/kiriyamakeisuke/practiceTensorFlow/fruits_discrimination/images/train_resize/greengrape_resize/greengrape_81.jpg,2
/Users/kiriyamakeisuke/practiceTensorFlow/fruits_discrimination/images/train_resize/greengrape_resize/greengrape_83.jpg,2
/Users/kiriyamakeisuke/practiceTensorFlow/fruits_discrimination/images/train_resize/greengrape_resize/greengrape_84.jpg,2
/Users/kiriyamakeisuke/practiceTensorFlow/fruits_discrimination/images/train_resize/greengrape_resize/greengrape_86.jpg,2
/Users/kiriyamakeisuke/practiceTensorFlow/fruits_discrimination/images/train_resize/greengrape_resize/greengrape_9.jpg,2
/Users/kiriyamakeisuke/practiceTensorFlow/fruits_discrimination/images/train_resize/greengrape_resize/greengrape_90.jpg,2
/Users/kiriyamakeisuke/practiceTensorFlow/fruits_discrimination/images/train_resize/greengrape_resize/greengrape_92.jpg,2
/Users/kiriyamakeisuke/practiceTensorFlow/fruits_discrimination/images/train_resize/greengrape_resize/greengrape_96.jpg,2
/Users/kiriyamakeisuke/practiceTensorFlow/fruits_discrimination/images/train_resize/greengrape_resize/greengrape_97.jpg,2
/Users/kiriyamakeisuke/practiceTensorFlow/fruits_discrimination/images/train_resize/lemon_resize/lemon_10.jpg,3
/Users/kiriyamakeisuke/practiceTensorFlow/fruits_discrimination/images/train_resize/lemon_resize/lemon_101.jpg,3
/Users/kiriyamakeisuke/practiceTensorFlow/fruits_discrimination/images/train_resize/lemon_resize/lemon_102.jpg,3
/Users/kiriyamakeisuke/practiceTensorFlow/fruits_discrimination/images/train_resize/lemon_resize/lemon_103.jpg,3
/Users/kiriyamakeisuke/practiceTensorFlow/fruits_discrimination/images/train_resize/lemon_resize/lemon_104.jpg,3
/Users/kiriyamakeisuke/practiceTensorFlow/fruits_discrimination/images/train_resize/lemon_resize/lemon_105.jpg,3
/Users/kiriyamakeisuke/practiceTensorFlow/fruits_discrimination/images/train_resize/lemon_resize/lemon_106.jpg,3
/Users/kiriyamakeisuke/practiceTensorFlow/fruits_discrimination/images/train_resize/lemon_resize/lemon_107.jpg,3
/Users/kiriyamakeisuke/practiceTensorFlow/fruits_discrimination/images/train_resize/lemon_resize/lemon_108.jpg,3
/Users/kiriyamakeisuke/practiceTensorFlow/fruits_discrimination/images/train_resize/lemon_resize/lemon_109.jpg,3
/Users/kiriyamakeisuke/practiceTensorFlow/fruits_discrimination/images/train_resize/lemon_resize/lemon_11.jpg,3
/Users/kiriyamakeisuke/practiceTensorFlow/fruits_discrimination/images/train_resize/lemon_resize/lemon_111.jpg,3
/Users/kiriyamakeisuke/practiceTensorFlow/fruits_discrimination/images/train_resize/lemon_resize/lemon_112.jpg,3
/Users/kiriyamakeisuke/practiceTensorFlow/fruits_discrimination/images/train_resize/lemon_resize/lemon_113.jpg,3
/Users/kiriyamakeisuke/practiceTensorFlow/fruits_discrimination/images/train_resize/lemon_resize/lemon_116.jpg,3
/Users/kiriyamakeisuke/practiceTensorFlow/fruits_discrimination/images/train_resize/lemon_resize/lemon_117.jpg,3
/Users/kiriyamakeisuke/practiceTensorFlow/fruits_discrimination/images/train_resize/lemon_resize/lemon_118.jpg,3
/Users/kiriyamakeisuke/practiceTensorFlow/fruits_discrimination/images/train_resize/lemon_resize/lemon_119.jpg,3
/Users/kiriyamakeisuke/practiceTensorFlow/fruits_discrimination/images/train_resize/lemon_resize/lemon_12.jpg,3
/Users/kiriyamakeisuke/practiceTensorFlow/fruits_discrimination/images/train_resize/lemon_resize/lemon_122.jpg,3
/Users/kiriyamakeisuke/practiceTensorFlow/fruits_discrimination/images/train_resize/lemon_resize/lemon_123.png,3
/Users/kiriyamakeisuke/practiceTensorFlow/fruits_discrimination/images/train_resize/lemon_resize/lemon_124.jpg,3
/Users/kiriyamakeisuke/practiceTensorFlow/fruits_discrimination/images/train_resize/lemon_resize/lemon_127.jpg,3
/Users/kiriyamakeisuke/practiceTensorFlow/fruits_discrimination/images/train_resize/lemon_resize/lemon_128.jpg,3
/Users/kiriyamakeisuke/practiceTensorFlow/fruits_discrimination/images/train_resize/lemon_resize/lemon_129.jpg,3
/Users/kiriyamakeisuke/practiceTensorFlow/fruits_discrimination/images/train_resize/lemon_resize/lemon_13.jpg,3
/Users/kiriyamakeisuke/practiceTensorFlow/fruits_discrimination/images/train_resize/lemon_resize/lemon_130.jpg,3
/Users/kiriyamakeisuke/practiceTensorFlow/fruits_discrimination/images/train_resize/lemon_resize/lemon_131.jpg,3
/Users/kiriyamakeisuke/practiceTensorFlow/fruits_discrimination/images/train_resize/lemon_resize/lemon_132.jpg,3
/Users/kiriyamakeisuke/practiceTensorFlow/fruits_discrimination/images/train_resize/lemon_resize/lemon_133.jpg,3
/Users/kiriyamakeisuke/practiceTensorFlow/fruits_discrimination/images/train_resize/lemon_resize/lemon_134.jpg,3
/Users/kiriyamakeisuke/practiceTensorFlow/fruits_discrimination/images/train_resize/lemon_resize/lemon_135.jpg,3
/Users/kiriyamakeisuke/practiceTensorFlow/fruits_discrimination/images/train_resize/lemon_resize/lemon_136.jpg,3
/Users/kiriyamakeisuke/practiceTensorFlow/fruits_discrimination/images/train_resize/lemon_resize/lemon_137.png,3
/Users/kiriyamakeisuke/practiceTensorFlow/fruits_discrimination/images/train_resize/lemon_resize/lemon_138.jpg,3
/Users/kiriyamakeisuke/practiceTensorFlow/fruits_discrimination/images/train_resize/lemon_resize/lemon_139.jpg,3
/Users/kiriyamakeisuke/practiceTensorFlow/fruits_discrimination/images/train_resize/lemon_resize/lemon_141.jpg,3
/Users/kiriyamakeisuke/practiceTensorFlow/fruits_discrimination/images/train_resize/lemon_resize/lemon_142.jpg,3
/Users/kiriyamakeisuke/practiceTensorFlow/fruits_discrimination/images/train_resize/lemon_resize/lemon_143.jpg,3
/Users/kiriyamakeisuke/practiceTensorFlow/fruits_discrimination/images/train_resize/lemon_resize/lemon_144.jpg,3
/Users/kiriyamakeisuke/practiceTensorFlow/fruits_discrimination/images/train_resize/lemon_resize/lemon_145.jpg,3
/Users/kiriyamakeisuke/practiceTensorFlow/fruits_discrimination/images/train_resize/lemon_resize/lemon_146.jpg,3
/Users/kiriyamakeisuke/practiceTensorFlow/fruits_discrimination/images/train_resize/lemon_resize/lemon_149.jpg,3
/Users/kiriyamakeisuke/practiceTensorFlow/fruits_discrimination/images/train_resize/lemon_resize/lemon_15.jpg,3
/Users/kiriyamakeisuke/practiceTensorFlow/fruits_discrimination/images/train_resize/lemon_resize/lemon_150.png,3
/Users/kiriyamakeisuke/practiceTensorFlow/fruits_discrimination/images/train_resize/lemon_resize/lemon_151.jpg,3
/Users/kiriyamakeisuke/practiceTensorFlow/fruits_discrimination/images/train_resize/lemon_resize/lemon_152.jpg,3
/Users/kiriyamakeisuke/practiceTensorFlow/fruits_discrimination/images/train_resize/lemon_resize/lemon_153.jpg,3
/Users/kiriyamakeisuke/practiceTensorFlow/fruits_discrimination/images/train_resize/lemon_resize/lemon_154.jpg,3
/Users/kiriyamakeisuke/practiceTensorFlow/fruits_discrimination/images/train_resize/lemon_resize/lemon_155.jpg,3
/Users/kiriyamakeisuke/practiceTensorFlow/fruits_discrimination/images/train_resize/lemon_resize/lemon_156.jpg,3
/Users/kiriyamakeisuke/practiceTensorFlow/fruits_discrimination/images/train_resize/lemon_resize/lemon_157.jpg,3
/Users/kiriyamakeisuke/practiceTensorFlow/fruits_discrimination/images/train_resize/lemon_resize/lemon_158.jpg,3
/Users/kiriyamakeisuke/practiceTensorFlow/fruits_discrimination/images/train_resize/lemon_resize/lemon_159.png,3
/Users/kiriyamakeisuke/practiceTensorFlow/fruits_discrimination/images/train_resize/lemon_resize/lemon_16.jpg,3
/Users/kiriyamakeisuke/practiceTensorFlow/fruits_discrimination/images/train_resize/lemon_resize/lemon_160.jpg,3
/Users/kiriyamakeisuke/practiceTensorFlow/fruits_discrimination/images/train_resize/lemon_resize/lemon_162.jpg,3
/Users/kiriyamakeisuke/practiceTensorFlow/fruits_discrimination/images/train_resize/lemon_resize/lemon_163.jpg,3
/Users/kiriyamakeisuke/practiceTensorFlow/fruits_discrimination/images/train_resize/lemon_resize/lemon_164.jpg,3
/Users/kiriyamakeisuke/practiceTensorFlow/fruits_discrimination/images/train_resize/lemon_resize/lemon_165.jpg,3
/Users/kiriyamakeisuke/practiceTensorFlow/fruits_discrimination/images/train_resize/lemon_resize/lemon_166.jpg,3
/Users/kiriyamakeisuke/practiceTensorFlow/fruits_discrimination/images/train_resize/lemon_resize/lemon_167.jpg,3
/Users/kiriyamakeisuke/practiceTensorFlow/fruits_discrimination/images/train_resize/lemon_resize/lemon_168.jpg,3
/Users/kiriyamakeisuke/practiceTensorFlow/fruits_discrimination/images/train_resize/lemon_resize/lemon_17.jpg,3
/Users/kiriyamakeisuke/practiceTensorFlow/fruits_discrimination/images/train_resize/lemon_resize/lemon_170.jpg,3
/Users/kiriyamakeisuke/practiceTensorFlow/fruits_discrimination/images/train_resize/lemon_resize/lemon_171.jpg,3
/Users/kiriyamakeisuke/practiceTensorFlow/fruits_discrimination/images/train_resize/lemon_resize/lemon_172.jpg,3
/Users/kiriyamakeisuke/practiceTensorFlow/fruits_discrimination/images/train_resize/lemon_resize/lemon_173.jpg,3
/Users/kiriyamakeisuke/practiceTensorFlow/fruits_discrimination/images/train_resize/lemon_resize/lemon_174.jpg,3
/Users/kiriyamakeisuke/practiceTensorFlow/fruits_discrimination/images/train_resize/lemon_resize/lemon_177.jpg,3
/Users/kiriyamakeisuke/practiceTensorFlow/fruits_discrimination/images/train_resize/lemon_resize/lemon_179.jpg,3
/Users/kiriyamakeisuke/practiceTensorFlow/fruits_discrimination/images/train_resize/lemon_resize/lemon_18.jpg,3
/Users/kiriyamakeisuke/practiceTensorFlow/fruits_discrimination/images/train_resize/lemon_resize/lemon_180.png,3
/Users/kiriyamakeisuke/practiceTensorFlow/fruits_discrimination/images/train_resize/lemon_resize/lemon_181.jpg,3
/Users/kiriyamakeisuke/practiceTensorFlow/fruits_discrimination/images/train_resize/lemon_resize/lemon_182.jpg,3
/Users/kiriyamakeisuke/practiceTensorFlow/fruits_discrimination/images/train_resize/lemon_resize/lemon_184.jpg,3
/Users/kiriyamakeisuke/practiceTensorFlow/fruits_discrimination/images/train_resize/lemon_resize/lemon_185.jpg,3
/Users/kiriyamakeisuke/practiceTensorFlow/fruits_discrimination/images/train_resize/lemon_resize/lemon_186.jpg,3
/Users/kiriyamakeisuke/practiceTensorFlow/fruits_discrimination/images/train_resize/lemon_resize/lemon_187.png,3
/Users/kiriyamakeisuke/practiceTensorFlow/fruits_discrimination/images/train_resize/lemon_resize/lemon_188.jpg,3
/Users/kiriyamakeisuke/practiceTensorFlow/fruits_discrimination/images/train_resize/lemon_resize/lemon_189.png,3
/Users/kiriyamakeisuke/practiceTensorFlow/fruits_discrimination/images/train_resize/lemon_resize/lemon_190.jpg,3
/Users/kiriyamakeisuke/practiceTensorFlow/fruits_discrimination/images/train_resize/lemon_resize/lemon_191.jpg,3
/Users/kiriyamakeisuke/practiceTensorFlow/fruits_discrimination/images/train_resize/lemon_resize/lemon_192.jpg,3
/Users/kiriyamakeisuke/practiceTensorFlow/fruits_discrimination/images/train_resize/lemon_resize/lemon_193.jpg,3
/Users/kiriyamakeisuke/practiceTensorFlow/fruits_discrimination/images/train_resize/lemon_resize/lemon_194.jpg,3
/Users/kiriyamakeisuke/practiceTensorFlow/fruits_discrimination/images/train_resize/lemon_resize/lemon_196.jpg,3
/Users/kiriyamakeisuke/practiceTensorFlow/fruits_discrimination/images/train_resize/lemon_resize/lemon_197.jpg,3
/Users/kiriyamakeisuke/practiceTensorFlow/fruits_discrimination/images/train_resize/lemon_resize/lemon_198.jpg,3
/Users/kiriyamakeisuke/practiceTensorFlow/fruits_discrimination/images/train_resize/lemon_resize/lemon_2.jpg,3
/Users/kiriyamakeisuke/practiceTensorFlow/fruits_discrimination/images/train_resize/lemon_resize/lemon_21.png,3
/Users/kiriyamakeisuke/practiceTensorFlow/fruits_discrimination/images/train_resize/lemon_resize/lemon_22.jpg,3
/Users/kiriyamakeisuke/practiceTensorFlow/fruits_discrimination/images/train_resize/lemon_resize/lemon_23.jpg,3
/Users/kiriyamakeisuke/practiceTensorFlow/fruits_discrimination/images/train_resize/lemon_resize/lemon_24.jpg,3
/Users/kiriyamakeisuke/practiceTensorFlow/fruits_discrimination/images/train_resize/lemon_resize/lemon_27.jpg,3
/Users/kiriyamakeisuke/practiceTensorFlow/fruits_discrimination/images/train_resize/lemon_resize/lemon_28.jpg,3
/Users/kiriyamakeisuke/practiceTensorFlow/fruits_discrimination/images/train_resize/lemon_resize/lemon_29.jpg,3
/Users/kiriyamakeisuke/practiceTensorFlow/fruits_discrimination/images/train_resize/lemon_resize/lemon_30.jpg,3
/Users/kiriyamakeisuke/practiceTensorFlow/fruits_discrimination/images/train_resize/lemon_resize/lemon_32.jpg,3
/Users/kiriyamakeisuke/practiceTensorFlow/fruits_discrimination/images/train_resize/lemon_resize/lemon_35.png,3
/Users/kiriyamakeisuke/practiceTensorFlow/fruits_discrimination/images/train_resize/lemon_resize/lemon_36.jpg,3
/Users/kiriyamakeisuke/practiceTensorFlow/fruits_discrimination/images/train_resize/lemon_resize/lemon_37.jpg,3
/Users/kiriyamakeisuke/practiceTensorFlow/fruits_discrimination/images/train_resize/lemon_resize/lemon_38.jpg,3
/Users/kiriyamakeisuke/practiceTensorFlow/fruits_discrimination/images/train_resize/lemon_resize/lemon_4.jpg,3
/Users/kiriyamakeisuke/practiceTensorFlow/fruits_discrimination/images/train_resize/lemon_resize/lemon_40.jpg,3
/Users/kiriyamakeisuke/practiceTensorFlow/fruits_discrimination/images/train_resize/lemon_resize/lemon_42.jpg,3
/Users/kiriyamakeisuke/practiceTensorFlow/fruits_discrimination/images/train_resize/lemon_resize/lemon_44.png,3
/Users/kiriyamakeisuke/practiceTensorFlow/fruits_discrimination/images/train_resize/lemon_resize/lemon_46.jpg,3
/Users/kiriyamakeisuke/practiceTensorFlow/fruits_discrimination/images/train_resize/lemon_resize/lemon_48.jpg,3
/Users/kiriyamakeisuke/practiceTensorFlow/fruits_discrimination/images/train_resize/lemon_resize/lemon_49.jpg,3
/Users/kiriyamakeisuke/practiceTensorFlow/fruits_discrimination/images/train_resize/lemon_resize/lemon_5.jpg,3
/Users/kiriyamakeisuke/practiceTensorFlow/fruits_discrimination/images/train_resize/lemon_resize/lemon_50.jpg,3
/Users/kiriyamakeisuke/practiceTensorFlow/fruits_discrimination/images/train_resize/lemon_resize/lemon_51.jpg,3
/Users/kiriyamakeisuke/practiceTensorFlow/fruits_discrimination/images/train_resize/lemon_resize/lemon_52.jpg,3
/Users/kiriyamakeisuke/practiceTensorFlow/fruits_discrimination/images/train_resize/lemon_resize/lemon_53.jpg,3
/Users/kiriyamakeisuke/practiceTensorFlow/fruits_discrimination/images/train_resize/lemon_resize/lemon_55.jpg,3
/Users/kiriyamakeisuke/practiceTensorFlow/fruits_discrimination/images/train_resize/lemon_resize/lemon_56.png,3
/Users/kiriyamakeisuke/practiceTensorFlow/fruits_discrimination/images/train_resize/lemon_resize/lemon_57.jpg,3
/Users/kiriyamakeisuke/practiceTensorFlow/fruits_discrimination/images/train_resize/lemon_resize/lemon_58.jpg,3
/Users/kiriyamakeisuke/practiceTensorFlow/fruits_discrimination/images/train_resize/lemon_resize/lemon_59.jpg,3
/Users/kiriyamakeisuke/practiceTensorFlow/fruits_discrimination/images/train_resize/lemon_resize/lemon_6.jpg,3
/Users/kiriyamakeisuke/practiceTensorFlow/fruits_discrimination/images/train_resize/lemon_resize/lemon_61.jpg,3
/Users/kiriyamakeisuke/practiceTensorFlow/fruits_discrimination/images/train_resize/lemon_resize/lemon_63.jpg,3
/Users/kiriyamakeisuke/practiceTensorFlow/fruits_discrimination/images/train_resize/lemon_resize/lemon_64.jpg,3
/Users/kiriyamakeisuke/practiceTensorFlow/fruits_discrimination/images/train_resize/lemon_resize/lemon_65.jpg,3
/Users/kiriyamakeisuke/practiceTensorFlow/fruits_discrimination/images/train_resize/lemon_resize/lemon_66.jpg,3
/Users/kiriyamakeisuke/practiceTensorFlow/fruits_discrimination/images/train_resize/lemon_resize/lemon_67.jpg,3
/Users/kiriyamakeisuke/practiceTensorFlow/fruits_discrimination/images/train_resize/lemon_resize/lemon_68.jpg,3
/Users/kiriyamakeisuke/practiceTensorFlow/fruits_discrimination/images/train_resize/lemon_resize/lemon_69.jpg,3
/Users/kiriyamakeisuke/practiceTensorFlow/fruits_discrimination/images/train_resize/lemon_resize/lemon_7.jpg,3
/Users/kiriyamakeisuke/practiceTensorFlow/fruits_discrimination/images/train_resize/lemon_resize/lemon_70.jpg,3
/Users/kiriyamakeisuke/practiceTensorFlow/fruits_discrimination/images/train_resize/lemon_resize/lemon_71.jpg,3
/Users/kiriyamakeisuke/practiceTensorFlow/fruits_discrimination/images/train_resize/lemon_resize/lemon_75.jpg,3
/Users/kiriyamakeisuke/practiceTensorFlow/fruits_discrimination/images/train_resize/lemon_resize/lemon_76.jpg,3
/Users/kiriyamakeisuke/practiceTensorFlow/fruits_discrimination/images/train_resize/lemon_resize/lemon_77.jpg,3
/Users/kiriyamakeisuke/practiceTensorFlow/fruits_discrimination/images/train_resize/lemon_resize/lemon_78.jpg,3
/Users/kiriyamakeisuke/practiceTensorFlow/fruits_discrimination/images/train_resize/lemon_resize/lemon_80.jpg,3
/Users/kiriyamakeisuke/practiceTensorFlow/fruits_discrimination/images/train_resize/lemon_resize/lemon_81.png,3
/Users/kiriyamakeisuke/practiceTensorFlow/fruits_discrimination/images/train_resize/lemon_resize/lemon_82.png,3
/Users/kiriyamakeisuke/practiceTensorFlow/fruits_discrimination/images/train_resize/lemon_resize/lemon_84.jpg,3
/Users/kiriyamakeisuke/practiceTensorFlow/fruits_discrimination/images/train_resize/lemon_resize/lemon_89.jpg,3
/Users/kiriyamakeisuke/practiceTensorFlow/fruits_discrimination/images/train_resize/lemon_resize/lemon_9.jpg,3
/Users/kiriyamakeisuke/practiceTensorFlow/fruits_discrimination/images/train_resize/lemon_resize/lemon_90.jpg,3
/Users/kiriyamakeisuke/practiceTensorFlow/fruits_discrimination/images/train_resize/lemon_resize/lemon_92.png,3
/Users/kiriyamakeisuke/practiceTensorFlow/fruits_discrimination/images/train_resize/lemon_resize/lemon_94.png,3
/Users/kiriyamakeisuke/practiceTensorFlow/fruits_discrimination/images/train_resize/lemon_resize/lemon_95.jpg,3
/Users/kiriyamakeisuke/practiceTensorFlow/fruits_discrimination/images/train_resize/lemon_resize/lemon_96.png,3
/Users/kiriyamakeisuke/practiceTensorFlow/fruits_discrimination/images/train_resize/lemon_resize/lemon_97.jpg,3
/Users/kiriyamakeisuke/practiceTensorFlow/fruits_discrimination/images/train_resize/lemon_resize/lemon_98.png,3
/Users/kiriyamakeisuke/practiceTensorFlow/fruits_discrimination/images/train_resize/lemon_resize/lemon_99.jpg,3
/Users/kiriyamakeisuke/practiceTensorFlow/fruits_discrimination/images/train_resize/peer_resize/peer_0.jpg,4
/Users/kiriyamakeisuke/practiceTensorFlow/fruits_discrimination/images/train_resize/peer_resize/peer_1.jpg,4
/Users/kiriyamakeisuke/practiceTensorFlow/fruits_discrimination/images/train_resize/peer_resize/peer_10.jpg,4
/Users/kiriyamakeisuke/practiceTensorFlow/fruits_discrimination/images/train_resize/peer_resize/peer_100.jpg,4
/Users/kiriyamakeisuke/practiceTensorFlow/fruits_discrimination/images/train_resize/peer_resize/peer_101.jpg,4
/Users/kiriyamakeisuke/practiceTensorFlow/fruits_discrimination/images/train_resize/peer_resize/peer_102.jpg,4
/Users/kiriyamakeisuke/practiceTensorFlow/fruits_discrimination/images/train_resize/peer_resize/peer_103.jpg,4
/Users/kiriyamakeisuke/practiceTensorFlow/fruits_discrimination/images/train_resize/peer_resize/peer_104.jpg,4
/Users/kiriyamakeisuke/practiceTensorFlow/fruits_discrimination/images/train_resize/peer_resize/peer_105.jpg,4
/Users/kiriyamakeisuke/practiceTensorFlow/fruits_discrimination/images/train_resize/peer_resize/peer_106.jpg,4
/Users/kiriyamakeisuke/practiceTensorFlow/fruits_discrimination/images/train_resize/peer_resize/peer_107.jpg,4
/Users/kiriyamakeisuke/practiceTensorFlow/fruits_discrimination/images/train_resize/peer_resize/peer_109.jpg,4
/Users/kiriyamakeisuke/practiceTensorFlow/fruits_discrimination/images/train_resize/peer_resize/peer_11.png,4
/Users/kiriyamakeisuke/practiceTensorFlow/fruits_discrimination/images/train_resize/peer_resize/peer_110.jpg,4
/Users/kiriyamakeisuke/practiceTensorFlow/fruits_discrimination/images/train_resize/peer_resize/peer_111.jpg,4
/Users/kiriyamakeisuke/practiceTensorFlow/fruits_discrimination/images/train_resize/peer_resize/peer_12.jpg,4
/Users/kiriyamakeisuke/practiceTensorFlow/fruits_discrimination/images/train_resize/peer_resize/peer_122.jpg,4
/Users/kiriyamakeisuke/practiceTensorFlow/fruits_discrimination/images/train_resize/peer_resize/peer_123.jpg,4
/Users/kiriyamakeisuke/practiceTensorFlow/fruits_discrimination/images/train_resize/peer_resize/peer_124.jpg,4
/Users/kiriyamakeisuke/practiceTensorFlow/fruits_discrimination/images/train_resize/peer_resize/peer_125.jpg,4
/Users/kiriyamakeisuke/practiceTensorFlow/fruits_discrimination/images/train_resize/peer_resize/peer_126.jpg,4
/Users/kiriyamakeisuke/practiceTensorFlow/fruits_discrimination/images/train_resize/peer_resize/peer_127.jpg,4
/Users/kiriyamakeisuke/practiceTensorFlow/fruits_discrimination/images/train_resize/peer_resize/peer_128.jpg,4
/Users/kiriyamakeisuke/practiceTensorFlow/fruits_discrimination/images/train_resize/peer_resize/peer_129.jpg,4
/Users/kiriyamakeisuke/practiceTensorFlow/fruits_discrimination/images/train_resize/peer_resize/peer_13.jpg,4
/Users/kiriyamakeisuke/practiceTensorFlow/fruits_discrimination/images/train_resize/peer_resize/peer_130.jpg,4
/Users/kiriyamakeisuke/practiceTensorFlow/fruits_discrimination/images/train_resize/peer_resize/peer_131.png,4
/Users/kiriyamakeisuke/practiceTensorFlow/fruits_discrimination/images/train_resize/peer_resize/peer_132.jpg,4
/Users/kiriyamakeisuke/practiceTensorFlow/fruits_discrimination/images/train_resize/peer_resize/peer_134.jpg,4
/Users/kiriyamakeisuke/practiceTensorFlow/fruits_discrimination/images/train_resize/peer_resize/peer_137.png,4
/Users/kiriyamakeisuke/practiceTensorFlow/fruits_discrimination/images/train_resize/peer_resize/peer_138.jpg,4
/Users/kiriyamakeisuke/practiceTensorFlow/fruits_discrimination/images/train_resize/peer_resize/peer_139.jpg,4
/Users/kiriyamakeisuke/practiceTensorFlow/fruits_discrimination/images/train_resize/peer_resize/peer_140.jpg,4
/Users/kiriyamakeisuke/practiceTensorFlow/fruits_discrimination/images/train_resize/peer_resize/peer_141.jpg,4
/Users/kiriyamakeisuke/practiceTensorFlow/fruits_discrimination/images/train_resize/peer_resize/peer_142.jpg,4
/Users/kiriyamakeisuke/practiceTensorFlow/fruits_discrimination/images/train_resize/peer_resize/peer_143.jpg,4
/Users/kiriyamakeisuke/practiceTensorFlow/fruits_discrimination/images/train_resize/peer_resize/peer_144.jpg,4
/Users/kiriyamakeisuke/practiceTensorFlow/fruits_discrimination/images/train_resize/peer_resize/peer_145.jpg,4
/Users/kiriyamakeisuke/practiceTensorFlow/fruits_discrimination/images/train_resize/peer_resize/peer_146.jpg,4
/Users/kiriyamakeisuke/practiceTensorFlow/fruits_discrimination/images/train_resize/peer_resize/peer_147.jpg,4
/Users/kiriyamakeisuke/practiceTensorFlow/fruits_discrimination/images/train_resize/peer_resize/peer_148.png,4
/Users/kiriyamakeisuke/practiceTensorFlow/fruits_discrimination/images/train_resize/peer_resize/peer_149.jpg,4
/Users/kiriyamakeisuke/practiceTensorFlow/fruits_discrimination/images/train_resize/peer_resize/peer_15.jpg,4
/Users/kiriyamakeisuke/practiceTensorFlow/fruits_discrimination/images/train_resize/peer_resize/peer_150.png,4
/Users/kiriyamakeisuke/practiceTensorFlow/fruits_discrimination/images/train_resize/peer_resize/peer_151.png,4
/Users/kiriyamakeisuke/practiceTensorFlow/fruits_discrimination/images/train_resize/peer_resize/peer_153.jpg,4
/Users/kiriyamakeisuke/practiceTensorFlow/fruits_discrimination/images/train_resize/peer_resize/peer_154.jpg,4
/Users/kiriyamakeisuke/practiceTensorFlow/fruits_discrimination/images/train_resize/peer_resize/peer_155.jpg,4
/Users/kiriyamakeisuke/practiceTensorFlow/fruits_discrimination/images/train_resize/peer_resize/peer_156.jpg,4
/Users/kiriyamakeisuke/practiceTensorFlow/fruits_discrimination/images/train_resize/peer_resize/peer_157.png,4
/Users/kiriyamakeisuke/practiceTensorFlow/fruits_discrimination/images/train_resize/peer_resize/peer_158.jpg,4
/Users/kiriyamakeisuke/practiceTensorFlow/fruits_discrimination/images/train_resize/peer_resize/peer_16.jpg,4
/Users/kiriyamakeisuke/practiceTensorFlow/fruits_discrimination/images/train_resize/peer_resize/peer_162.jpg,4
/Users/kiriyamakeisuke/practiceTensorFlow/fruits_discrimination/images/train_resize/peer_resize/peer_163.jpg,4
/Users/kiriyamakeisuke/practiceTensorFlow/fruits_discrimination/images/train_resize/peer_resize/peer_164.png,4
/Users/kiriyamakeisuke/practiceTensorFlow/fruits_discrimination/images/train_resize/peer_resize/peer_167.jpg,4
/Users/kiriyamakeisuke/practiceTensorFlow/fruits_discrimination/images/train_resize/peer_resize/peer_169.jpg,4
/Users/kiriyamakeisuke/practiceTensorFlow/fruits_discrimination/images/train_resize/peer_resize/peer_17.jpg,4
/Users/kiriyamakeisuke/practiceTensorFlow/fruits_discrimination/images/train_resize/peer_resize/peer_170.jpg,4
/Users/kiriyamakeisuke/practiceTensorFlow/fruits_discrimination/images/train_resize/peer_resize/peer_171.jpg,4
/Users/kiriyamakeisuke/practiceTensorFlow/fruits_discrimination/images/train_resize/peer_resize/peer_173.png,4
/Users/kiriyamakeisuke/practiceTensorFlow/fruits_discrimination/images/train_resize/peer_resize/peer_176.png,4
/Users/kiriyamakeisuke/practiceTensorFlow/fruits_discrimination/images/train_resize/peer_resize/peer_177.png,4
/Users/kiriyamakeisuke/practiceTensorFlow/fruits_discrimination/images/train_resize/peer_resize/peer_178.jpg,4
/Users/kiriyamakeisuke/practiceTensorFlow/fruits_discrimination/images/train_resize/peer_resize/peer_179.jpg,4
/Users/kiriyamakeisuke/practiceTensorFlow/fruits_discrimination/images/train_resize/peer_resize/peer_18.jpg,4
/Users/kiriyamakeisuke/practiceTensorFlow/fruits_discrimination/images/train_resize/peer_resize/peer_180.jpg,4
/Users/kiriyamakeisuke/practiceTensorFlow/fruits_discrimination/images/train_resize/peer_resize/peer_181.jpg,4
/Users/kiriyamakeisuke/practiceTensorFlow/fruits_discrimination/images/train_resize/peer_resize/peer_182.jpg,4
/Users/kiriyamakeisuke/practiceTensorFlow/fruits_discrimination/images/train_resize/peer_resize/peer_184.jpg,4
/Users/kiriyamakeisuke/practiceTensorFlow/fruits_discrimination/images/train_resize/peer_resize/peer_185.jpg,4
/Users/kiriyamakeisuke/practiceTensorFlow/fruits_discrimination/images/train_resize/peer_resize/peer_186.jpg,4
/Users/kiriyamakeisuke/practiceTensorFlow/fruits_discrimination/images/train_resize/peer_resize/peer_187.png,4
/Users/kiriyamakeisuke/practiceTensorFlow/fruits_discrimination/images/train_resize/peer_resize/peer_188.jpg,4
/Users/kiriyamakeisuke/practiceTensorFlow/fruits_discrimination/images/train_resize/peer_resize/peer_189.jpg,4
/Users/kiriyamakeisuke/practiceTensorFlow/fruits_discrimination/images/train_resize/peer_resize/peer_19.jpg,4
/Users/kiriyamakeisuke/practiceTensorFlow/fruits_discrimination/images/train_resize/peer_resize/peer_190.jpg,4
/Users/kiriyamakeisuke/practiceTensorFlow/fruits_discrimination/images/train_resize/peer_resize/peer_193.png,4
/Users/kiriyamakeisuke/practiceTensorFlow/fruits_discrimination/images/train_resize/peer_resize/peer_194.png,4
/Users/kiriyamakeisuke/practiceTensorFlow/fruits_discrimination/images/train_resize/peer_resize/peer_195.jpg,4
/Users/kiriyamakeisuke/practiceTensorFlow/fruits_discrimination/images/train_resize/peer_resize/peer_196.jpg,4
/Users/kiriyamakeisuke/practiceTensorFlow/fruits_discrimination/images/train_resize/peer_resize/peer_198.jpg,4
/Users/kiriyamakeisuke/practiceTensorFlow/fruits_discrimination/images/train_resize/peer_resize/peer_2.jpg,4
/Users/kiriyamakeisuke/practiceTensorFlow/fruits_discrimination/images/train_resize/peer_resize/peer_20.jpg,4
/Users/kiriyamakeisuke/practiceTensorFlow/fruits_discrimination/images/train_resize/peer_resize/peer_21.png,4
/Users/kiriyamakeisuke/practiceTensorFlow/fruits_discrimination/images/train_resize/peer_resize/peer_22.jpg,4
/Users/kiriyamakeisuke/practiceTensorFlow/fruits_discrimination/images/train_resize/peer_resize/peer_23.jpg,4
/Users/kiriyamakeisuke/practiceTensorFlow/fruits_discrimination/images/train_resize/peer_resize/peer_24.jpg,4
/Users/kiriyamakeisuke/practiceTensorFlow/fruits_discrimination/images/train_resize/peer_resize/peer_25.jpg,4
/Users/kiriyamakeisuke/practiceTensorFlow/fruits_discrimination/images/train_resize/peer_resize/peer_27.jpg,4
/Users/kiriyamakeisuke/practiceTensorFlow/fruits_discrimination/images/train_resize/peer_resize/peer_28.jpg,4
/Users/kiriyamakeisuke/practiceTensorFlow/fruits_discrimination/images/train_resize/peer_resize/peer_29.jpg,4
/Users/kiriyamakeisuke/practiceTensorFlow/fruits_discrimination/images/train_resize/peer_resize/peer_3.jpg,4
/Users/kiriyamakeisuke/practiceTensorFlow/fruits_discrimination/images/train_resize/peer_resize/peer_30.jpg,4
/Users/kiriyamakeisuke/practiceTensorFlow/fruits_discrimination/images/train_resize/peer_resize/peer_31.png,4
/Users/kiriyamakeisuke/practiceTensorFlow/fruits_discrimination/images/train_resize/peer_resize/peer_32.png,4
/Users/kiriyamakeisuke/practiceTensorFlow/fruits_discrimination/images/train_resize/peer_resize/peer_33.jpg,4
/Users/kiriyamakeisuke/practiceTensorFlow/fruits_discrimination/images/train_resize/peer_resize/peer_34.jpg,4
/Users/kiriyamakeisuke/practiceTensorFlow/fruits_discrimination/images/train_resize/peer_resize/peer_35.png,4
/Users/kiriyamakeisuke/practiceTensorFlow/fruits_discrimination/images/train_resize/peer_resize/peer_36.jpg,4
/Users/kiriyamakeisuke/practiceTensorFlow/fruits_discrimination/images/train_resize/peer_resize/peer_38.jpg,4
/Users/kiriyamakeisuke/practiceTensorFlow/fruits_discrimination/images/train_resize/peer_resize/peer_39.jpg,4
/Users/kiriyamakeisuke/practiceTensorFlow/fruits_discrimination/images/train_resize/peer_resize/peer_4.jpg,4
/Users/kiriyamakeisuke/practiceTensorFlow/fruits_discrimination/images/train_resize/peer_resize/peer_40.jpg,4
/Users/kiriyamakeisuke/practiceTensorFlow/fruits_discrimination/images/train_resize/peer_resize/peer_41.png,4
/Users/kiriyamakeisuke/practiceTensorFlow/fruits_discrimination/images/train_resize/peer_resize/peer_42.jpg,4
/Users/kiriyamakeisuke/practiceTensorFlow/fruits_discrimination/images/train_resize/peer_resize/peer_43.jpg,4
/Users/kiriyamakeisuke/practiceTensorFlow/fruits_discrimination/images/train_resize/peer_resize/peer_44.jpg,4
/Users/kiriyamakeisuke/practiceTensorFlow/fruits_discrimination/images/train_resize/peer_resize/peer_45.jpg,4
/Users/kiriyamakeisuke/practiceTensorFlow/fruits_discrimination/images/train_resize/peer_resize/peer_46.jpg,4
/Users/kiriyamakeisuke/practiceTensorFlow/fruits_discrimination/images/train_resize/peer_resize/peer_47.png,4
/Users/kiriyamakeisuke/practiceTensorFlow/fruits_discrimination/images/train_resize/peer_resize/peer_48.png,4
/Users/kiriyamakeisuke/practiceTensorFlow/fruits_discrimination/images/train_resize/peer_resize/peer_49.jpg,4
/Users/kiriyamakeisuke/practiceTensorFlow/fruits_discrimination/images/train_resize/peer_resize/peer_5.jpg,4
/Users/kiriyamakeisuke/practiceTensorFlow/fruits_discrimination/images/train_resize/peer_resize/peer_50.jpg,4
/Users/kiriyamakeisuke/practiceTensorFlow/fruits_discrimination/images/train_resize/peer_resize/peer_51.jpg,4
/Users/kiriyamakeisuke/practiceTensorFlow/fruits_discrimination/images/train_resize/peer_resize/peer_52.jpg,4
/Users/kiriyamakeisuke/practiceTensorFlow/fruits_discrimination/images/train_resize/peer_resize/peer_53.jpg,4
/Users/kiriyamakeisuke/practiceTensorFlow/fruits_discrimination/images/train_resize/peer_resize/peer_54.png,4
/Users/kiriyamakeisuke/practiceTensorFlow/fruits_discrimination/images/train_resize/peer_resize/peer_55.jpg,4
/Users/kiriyamakeisuke/practiceTensorFlow/fruits_discrimination/images/train_resize/peer_resize/peer_57.jpg,4
/Users/kiriyamakeisuke/practiceTensorFlow/fruits_discrimination/images/train_resize/peer_resize/peer_58.jpg,4
/Users/kiriyamakeisuke/practiceTensorFlow/fruits_discrimination/images/train_resize/peer_resize/peer_6.jpg,4
/Users/kiriyamakeisuke/practiceTensorFlow/fruits_discrimination/images/train_resize/peer_resize/peer_61.jpg,4
/Users/kiriyamakeisuke/practiceTensorFlow/fruits_discrimination/images/train_resize/peer_resize/peer_66.png,4
/Users/kiriyamakeisuke/practiceTensorFlow/fruits_discrimination/images/train_resize/peer_resize/peer_67.jpg,4
/Users/kiriyamakeisuke/practiceTensorFlow/fruits_discrimination/images/train_resize/peer_resize/peer_69.jpg,4
/Users/kiriyamakeisuke/practiceTensorFlow/fruits_discrimination/images/train_resize/peer_resize/peer_7.jpg,4
/Users/kiriyamakeisuke/practiceTensorFlow/fruits_discrimination/images/train_resize/peer_resize/peer_70.jpg,4
/Users/kiriyamakeisuke/practiceTensorFlow/fruits_discrimination/images/train_resize/peer_resize/peer_74.jpg,4
/Users/kiriyamakeisuke/practiceTensorFlow/fruits_discrimination/images/train_resize/peer_resize/peer_75.jpg,4
/Users/kiriyamakeisuke/practiceTensorFlow/fruits_discrimination/images/train_resize/peer_resize/peer_76.jpg,4
/Users/kiriyamakeisuke/practiceTensorFlow/fruits_discrimination/images/train_resize/peer_resize/peer_77.png,4
/Users/kiriyamakeisuke/practiceTensorFlow/fruits_discrimination/images/train_resize/peer_resize/peer_78.jpg,4
/Users/kiriyamakeisuke/practiceTensorFlow/fruits_discrimination/images/train_resize/peer_resize/peer_80.jpg,4
/Users/kiriyamakeisuke/practiceTensorFlow/fruits_discrimination/images/train_resize/peer_resize/peer_81.jpg,4
/Users/kiriyamakeisuke/practiceTensorFlow/fruits_discrimination/images/train_resize/peer_resize/peer_82.jpg,4
/Users/kiriyamakeisuke/practiceTensorFlow/fruits_discrimination/images/train_resize/peer_resize/peer_83.jpg,4
/Users/kiriyamakeisuke/practiceTensorFlow/fruits_discrimination/images/train_resize/peer_resize/peer_85.jpg,4
/Users/kiriyamakeisuke/practiceTensorFlow/fruits_discrimination/images/train_resize/peer_resize/peer_86.jpg,4
/Users/kiriyamakeisuke/practiceTensorFlow/fruits_discrimination/images/train_resize/peer_resize/peer_87.jpg,4
/Users/kiriyamakeisuke/practiceTensorFlow/fruits_discrimination/images/train_resize/peer_resize/peer_89.png,4
/Users/kiriyamakeisuke/practiceTensorFlow/fruits_discrimination/images/train_resize/peer_resize/peer_90.jpg,4
/Users/kiriyamakeisuke/practiceTensorFlow/fruits_discrimination/images/train_resize/peer_resize/peer_91.jpg,4
/Users/kiriyamakeisuke/practiceTensorFlow/fruits_discrimination/images/train_resize/peer_resize/peer_92.png,4
/Users/kiriyamakeisuke/practiceTensorFlow/fruits_discrimination/images/train_resize/peer_resize/peer_93.jpg,4
/Users/kiriyamakeisuke/practiceTensorFlow/fruits_discrimination/images/train_resize/peer_resize/peer_94.jpg,4
/Users/kiriyamakeisuke/practiceTensorFlow/fruits_discrimination/images/train_resize/peer_resize/peer_96.jpg,4
/Users/kiriyamakeisuke/practiceTensorFlow/fruits_discrimination/images/train_resize/peer_resize/peer_97.jpg,4
/Users/kiriyamakeisuke/practiceTensorFlow/fruits_discrimination/images/train_resize/peer_resize/peer_98.jpg,4
/Users/kiriyamakeisuke/practiceTensorFlow/fruits_discrimination/images/train_resize/peer_resize/peer_99.jpg,4
